pressure_kpa,T_sat_C,DeltaT_MFB_Berenson_K,T_MFB_Berenson_C,T_MFB_Henry_Cu_C
1.0,6.969570223727544,1.753798853683298,8.723369077410842,13.037959253358366
1.4977168949771689,12.9961308554889,2.5018552880662317,15.497986143555131,20.489582593434168
1.9954337899543377,17.458498572806832,3.2166943215879584,20.67519289439479,26.205271646947324
2.493150684931507,21.032216242100105,3.9070401585808234,24.93925640068093,30.923350888769644
2.9908675799086755,24.028244494054945,4.577990915938191,28.606235409993136,34.986458313517204
3.4885844748858448,26.61666505116682,5.232894515400825,31.849559566567645,38.58330756529145
3.9863013698630136,28.901095626769006,5.874118396508592,34.7752140232776,41.829579921084566
4.4840182648401825,30.949539475393863,6.503425068303063,37.45296454369692,44.80162483190873
4.981735159817351,32.80913445160439,7.122177471564702,39.9313119231691,47.55264257283991
5.47945205479452,34.513955152512324,7.73146082280452,42.245415975316845,50.121278784865424
5.9771689497716896,36.089465961316876,8.332159499037605,44.42162546035448,52.536547789469765
6.474885844748858,37.55521802051658,8.925007953600021,46.4802259741166,54.82082460998687
6.972602739726027,38.92656253551013,9.510625773887977,48.43718830939811,56.99175185619528
7.470319634703196,40.215782811321105,10.0895426081368,50.3053254194579,59.06350353228318
7.968036529680365,41.43286727785818,10.662216373291491,52.09508365114967,61.04765056997661
8.465753424657533,42.586052365398075,11.22904686404125,53.815099229439326,62.95377037491
8.963470319634702,43.68221307164839,11.790386128062208,55.4725991997106,64.78988654261445
9.461187214611872,44.72714992448641,12.346546513617552,57.073696438103966,66.56279277355506
9.95890410958904,45.725803757140966,12.897807007206442,58.623610764347404,68.27829591543079
10.456621004566209,46.68241910980595,13.444418292218911,60.12683740202486,69.94140132194106
10.954337899543379,47.60067037643449,13.98660683551579,61.58727721195028,71.55645629003735
11.452054794520548,48.483760477170335,14.52457822454913,63.00833870171947,73.12726251603083
11.949771689497716,49.33449896035461,15.058519919166713,64.39301887952132,74.6571653081027
12.447488584474884,50.15536449092832,15.588603540933379,65.7439680318617,76.14912512090139
12.945205479452055,50.94855533923504,16.114986793127674,67.06354213236271,77.60577547752432
13.442922374429223,51.7160305423285,16.63781508293989,68.35384562526839,79.02947029001871
13.940639269406391,52.45954373893801,17.157222901401507,69.61676664033952,80.42232283733279
14.438356164383562,53.18067119448233,17.67333500460435,70.85400619908668,81.78623811536784
14.93607305936073,53.88083517770474,18.1862674307013,72.06710260840603,83.12293987473097
15.433789954337898,54.56132358766001,18.696128380242218,73.25745196790223,84.433993365768
15.931506849315067,55.22330653290214,19.203018982031512,74.42632551493365,85.72082458834882
16.429223744292237,55.86785041572256,19.70703396251359,75.57488437823615,86.98473667557613
16.926940639269404,56.49592996043987,20.20826223339721,76.70419219383707,88.22692391178539
17.424657534246574,57.108438536967185,20.7067874096195,77.81522594658668,89.44848378576505
17.922374429223744,57.70619706264779,21.202688267665376,78.90888533031317,90.65042740270837
18.42009132420091,58.28996171187828,21.696039152578155,79.98600086445643,91.83368851767793
18.91780821917808,58.86043062083621,22.186910340639848,81.04734096147607,92.99913140534208
19.41552511415525,59.41824974108039,22.675368363588127,82.09361810466851,94.14755774252933
19.913242009132418,59.964017968955375,23.161476299335618,83.12549426829099,95.27971264955609
20.410958904109588,60.498291656123456,23.645294033400294,84.14358568952375,96.39629001157053
20.908675799086758,61.021588589055455,24.12687849464451,85.14846708369997,97.49793718119814
21.406392694063925,61.53439151106551,24.60628386839757,86.14067537946308,98.58525914741868
21.904109589041095,62.037151248817565,25.08356178960885,87.12071303842642,99.65882224228503
22.401826484018265,62.53028949563992,25.558761518313638,88.08905101395356,100.71915744604226
22.899543378995432,63.01420129605788,26.03193009938954,89.04613139544742,101.76676334213487
23.397260273972602,63.48925726937358,26.503112508321646,89.99236977769523,102.80210876599965
23.89497716894977,63.95580560463526,26.97235178447173,90.92815738910699,103.825635185214
24.39269406392694,64.41417385474239,27.439689153163428,91.85386300790582,104.83775884329798
24.89041095890411,64.8646705535736,27.90516413773038,92.76983469130398,105.83887269498217
25.388127853881276,65.30758667676292,28.368814662536373,93.6764013392993,106.82934815700136
25.885844748858446,65.74319696399436,28.83067714785836,94.57387411185272,107.80953669527929
26.383561643835616,66.1717611183368,29.290786597420457,95.46254771575727,108.77977126665913
26.881278538812783,66.59352489614588,29.74917667927364,96.34270157541951,109.74036763099429
27.378995433789953,67.00872109934733,30.205879800643324,97.21460089999064,110.69162554746964
27.876712328767123,67.41757048045343,30.66092717729632,98.07849765774975,111.63382986727993
28.37442922374429,67.8202825693981,31.11434889791653,98.93463146731463,112.56725153334028
28.87214611872146,68.217056430193,31.56617398393402,99.78323041412702,113.49214849644441
29.36986301369863,68.60808135446064,32.01643044519763,100.62451179965826,114.40876655617923
29.867579908675797,68.993537498087,32.46514533184826,101.45868282993526,115.31734013394043
30.365296803652967,69.37359646652334,32.91234478271037,102.2859412492337,116.21809298459038
30.863013698630134,69.74842185365083,33.35805407048741,103.10647592413824,117.11123885254882
31.360730593607304,70.118169738576,33.80229764402278,103.92046738259879,117.99698207749347
31.858447488584474,70.48298914425635,34.24509916785874,104.72808831211509,118.87551815427514
32.35616438356164,70.84302246143488,34.68648155930618,105.52950402074106,119.74703425117983
32.85388127853881,71.19840584099995,35.126467023217735,106.3248728642177,120.61170969023
33.35159817351598,71.54926955756218,35.565077084639334,107.11434664220153,121.46971639283963
33.84931506849315,71.8957383467565,36.00233261949987,107.89807096625637,122.32121929381265
34.347031963470315,72.2379317185248,36.438253883481934,108.67618560200674,123.16637672635682
34.84474885844749,72.57596424841228,36.87286053920949,109.44882478762176,124.00534078054633
35.342465753424655,72.90994584870981,37.306171681871085,110.2161175305809,124.8382576374168
35.84018264840182,73.23998202110198,37.73820586338898,110.97818788449095,125.66526788066278
36.337899543378995,73.56617409231853,38.168981115237656,111.73515520755619,126.48650678774491
36.83561643835616,73.8886194341506,38.59851497000418,112.48713440415477,127.30210460202525
37.33333333333333,74.20741166906464,39.02682448177363,113.23423615083827,128.11218678740303
37.8310502283105,74.52264086253615,39.453926245423425,113.97656710795957,128.91687426681497
38.32876712328767,74.83439370312311,39.879836414890356,114.71423011801346,129.7162836457914
38.826484018264836,75.14275367121036,40.30457072048833,115.44732439169869,130.51052742222473
39.32420091324201,75.44780119727199,40.72814448532843,116.17594568260041,131.29971418334128
39.821917808219176,75.74961381042783,41.15057264090358,116.90018645133142,132.08394879081843
40.31963470319634,76.0482662780023,41.571869741888186,117.62013601989048,132.8633325549049
40.817351598173516,76.34383073673467,41.992049980203326,118.335880716938,133.63796339831987
41.31506849315068,76.6363768162355,42.41112719838995,119.04750401462545,134.40793601065454
41.81278538812785,76.92597175523582,42.829114902335604,119.75508665757143,135.17334199393315
42.31050228310502,77.2126805111285,43.24602627338878,120.45870678451728,135.93426999993622
42.80821917808219,77.49656586326569,43.661874179901424,121.1584400431671,136.69080585985319
43.30593607305936,77.77768851043368,44.076671188230215,121.8543596986639,137.44303270676673
43.80365296803653,78.05610716289851,44.490429573228575,122.54653673612708,138.19103109145402
44.3013698630137,78.33187862938183,44.903161328260886,123.23503995764273,138.9348790919361
44.799086757990864,78.60505789929977,45.31487817475972,123.91993607405948,139.674652417179
45.29680365296804,78.87569822057327,45.72559157136116,124.60128979193442,140.41042450532925
45.794520547945204,79.14385117329334,46.13531272262995,125.27916389592329,141.14226661681522
46.29223744292237,79.40956673950501,46.544052587408274,125.95361932691328,141.8702479226525
46.78995433789954,79.6728933693546,46.95182188680013,126.62471525615473,142.5944355882369
47.28767123287671,79.93387804382428,47.35863111181375,127.29250915563803,143.31489485290354
47.78538812785388,80.19256633426738,47.764490530683176,127.95705686495056,144.03168910552117
48.283105022831045,80.4490024589353,48.16941019587818,128.61841265481348,144.74487995633737
48.78082191780822,80.70322933668047,48.57339995082886,129.2766292875093,145.45452730532037
49.278538812785385,80.95528863800217,48.97646943636856,129.93175807437075,146.1606894071813
49.77625570776255,81.20522083359259,49.37862809691953,130.58384893051212,146.86342293329284
50.273972602739725,81.45306524052927,49.779885186426576,131.23295042695585,147.56278303065926
50.77168949771689,81.69886006624984,50.18024977405567,131.8791098403055,148.2588233781255
51.26940639269406,81.94264245043684,50.579730749667156,132.522373200104,148.9515962399674
51.76712328767123,82.18444850493074,50.97833682907619,133.16278533400694,149.64115251701983
52.2648401826484,82.42431335178156,51.37607655910758,133.80038991088915,150.3275417954689
52.762557077625566,82.66227115954422,51.77295832245922,134.43522948200342,151.01081239344504
53.26027397260274,82.89835517791295,52.16899034237957,135.06734552029252,151.6910114055317
53.757990867579906,83.13259777078616,52.564180687168886,135.69677845795505,152.3681847452985
54.25570776255707,83.36503044784683,52.95853727451406,136.3235677223609,153.04237718597585
54.75342465753425,83.59568389473816,53.352067875662584,136.94775177040074,153.7136323993531
55.25114155251141,83.82458800190864,53.744780119443725,137.56936812135237,154.38199299300783
55.74885844748858,84.05177189219677,54.13668149614401,138.18845338834078,155.0475005459403
56.24657534246575,84.2772639472222,54.527779361244654,138.80504330846685,155.71019564270634
56.74429223744292,84.5010918326434,54.91808093902382,139.4191727716672,156.37011790611584
57.24200913242009,84.72328252234104,55.30759332603297,140.03087584837402,157.0273060285743
57.73972602739726,84.94386232158229,55.69632349445247,140.64018581603477,157.68179780213225
58.23744292237443,85.16285688921522,56.084278295328424,141.24713518454365,158.33363014731185
58.735159817351594,85.38029125894485,56.47146446170054,141.8517557206454,158.98283914076146
59.23287671232876,85.59618985973356,56.85788861162204,142.4540784713556,159.62946004180714
59.730593607305934,85.8105765353705,57.24355725107791,143.0541337864484,160.27352731794255
60.2283105022831,86.02347456324998,57.6284767768052,143.65195134005518,160.91507466931654
60.72602739726027,86.23490667239747,58.01265347901998,144.24756015141745,161.55413505226355
61.22374429223744,86.44489506077826,58.39609354405206,144.84098860483033,162.19074070191573
61.72146118721461,86.65346141192464,58.778803056899264,145.43226446882392,162.82492315395783
62.219178082191775,86.86062691091178,59.16078800369132,146.0214149146031,163.45671326553665
62.71689497716895,87.06641225971407,59.54205427407952,146.6084665337936,164.0861412353896
63.214611872146115,87.27083769197037,59.92260766354981,147.19344535552017,164.71323662321694
63.71232876712328,87.47392298718546,60.30245387565978,147.77637686284524,165.33802836832646
64.21004566210046,87.67568748439294,60.68159852420865,148.3572860086016,165.960544807598
64.70776255707761,87.87615009530481,61.060047135336525,148.93619723064134,166.58081369278077
65.20547945205479,88.07532931697,61.43780514956142,149.51313446653143,167.19886220716958
65.70319634703196,88.27324324396488,61.814877923752405,150.0881211677173,167.8147169816745
66.20091324200912,88.46990958013498,62.19127073304207,150.66118031317706,168.42840411031543
66.6986301369863,88.665345649909,62.566988772683096,151.2323344225921,169.03994916517047
67.19634703196347,88.85956840920306,62.942037159846564,151.80160556904963,169.64937721078974
67.69406392694063,89.05259445593333,63.31642093536809,152.36901539130142,170.25671281811034
68.1917808219178,89.24444004015356,63.690145065443716,152.93458510559728,170.86198007788983
68.68949771689498,89.4351210738335,64.06321444327277,153.49833551710628,171.46520261366743
69.18721461187214,89.62465314029407,64.43563389065537,154.06028703094944,172.06640359429164
69.68493150684931,89.81305150331286,64.80740815954283,154.6204596628557,172.6656057460164
70.18264840182648,90.0003311159141,65.17854193354324,155.17887304945734,173.26283136419082
70.68036529680364,90.18650662885665,65.54903982938555,155.7355464582422,173.8581023245585
71.17808219178082,90.37159239883158,65.91890639833976,156.29049879717132,174.45144009417837
71.67579908675799,90.55560249638188,66.28814612759976,156.84374862398164,175.0428657419891
72.17351598173515,90.73855071355518,66.65676344162475,157.39531415517993,175.63239994902239
72.67123287671232,90.92045057130099,67.02476270344746,157.94521327474845,176.22006301828904
73.1689497716895,91.1013153266212,67.39214821594068,158.49346354256187,176.80587488434065
73.66666666666666,91.28115797948573,67.75892422305617,159.0400822025419,177.3898551225289
74.16438356164383,91.45999127952052,68.1250949110225,159.58508619054302,177.97202295796495
74.662100456621,91.63782773247829,68.49066440951621,160.1284921419945,178.55239727419885
75.15981735159816,91.81467960650008,68.85563679279926,160.67031639929934,179.13099662162557
75.65753424657534,91.99055893817518,69.2200160808258,161.210575019001,179.70783922562575
76.15525114155251,92.16547753840837,69.58380624032178,161.74928377873016,180.28294299445858
76.65296803652967,92.3394469981003,69.94701118583254,162.28645818393284,180.85632552690558
77.15068493150685,92.51247869364937,70.30963478074713,162.8221134743965,181.4280041196861
77.64840182648402,92.68458379228179,70.6716808382936,163.35626463057537,181.99799577464307
78.14611872146118,92.85577325721471,71.03315312250827,163.888926379723,182.5663172057134
78.64383561643835,93.02605785266132,71.39405534918266,164.420113201844,183.13298484568995
79.14155251141553,93.19544814868107,71.75439118678398,164.94983933546504,183.6980148527801
79.63926940639269,93.36395452588238,72.11416425735253,165.4781187832349,184.26142311696978
80.13698630136986,93.53158717998292,72.47337813737887,166.00496531736178,184.82322526620345
80.63470319634703,93.698356126232,72.83203635865523,166.53039248488722,185.38343667237726
81.13242009132419,93.86427120370104,73.19014240910938,167.05441361281044,185.94207245716458
81.63013698630137,94.029342079446,73.54769973361671,167.5770418130627,186.49914749766864
82.12785388127854,94.19357825254673,73.90471173479044,168.09828998733718,187.05467643191366
82.6255707762557,94.35698905802775,74.2611817737564,168.61817083178414,187.6086736641815
83.12328767123287,94.51958367066413,74.6171131709056,169.13669684156974,188.16115337019346
83.62100456621005,94.68137110867696,74.97250920663024,169.6538803153072,188.71212950214885
84.1187214611872,94.84236023732245,75.32737312204247,170.16973335936493,189.26161579362196
84.61643835616438,95.0025597723772,75.6817081196752,170.6842678920524,189.80962576432034
85.11415525114155,95.16197828352477,76.03551736416614,171.19749564769091,190.35617272471396
85.61187214611871,95.32062419764571,76.38880398292673,171.70942818057244,190.9012697805359
86.10958904109589,95.47850580201509,76.74157106679557,172.22007686881068,191.44492983716106
86.60730593607306,95.63563124741012,77.09382167067442,172.72945291808452,191.9871656038616
87.10502283105022,95.79200855113123,77.44555881415245,173.23756736528367,192.52798959795453
87.6027397260274,95.94764559993939,77.79678548211464,173.74443108205404,193.06741414883058
88.10045662100457,96.10255015291261,78.14750462533661,174.25005477824922,193.6054514018808
88.59817351598173,96.25672984422368,78.49771916106455,174.75444900528822,194.14211332231486
89.0958904109589,96.41019218584273,78.84743197358553,175.25762415942825,194.67741169888103
89.59360730593608,96.56294457016634,79.1966459147803,175.75959048494664,195.21135814748703
90.09132420091323,96.71499427257578,79.54536380466892,176.2603580772447,195.74396411472873
90.58904109589041,96.86634845392626,79.89358843193861,176.75993688586487,196.2752408813216
91.08675799086757,97.01701416297112,80.24132255446591,177.25833671743703,196.80519956545214
91.58447488584474,97.1669983387198,80.58856889982195,177.75556723854174,197.3338511260342
92.08219178082192,97.3163078127356,80.93533016577096,178.25163797850655,197.8612063658889
92.57990867579908,97.46494931137164,81.28160902075449,178.74655833212614,198.38727593483839
93.07762557077625,97.61292945794958,81.62740810436813,179.2403375623177,198.91207033272835
93.57534246575342,97.76025477488122,81.97273002782639,179.73298480270762,199.43559991236768
94.07305936073058,97.90693168573529,82.31757737441679,180.22450906015206,199.95787488239657
94.57077625570776,98.05296651725183,82.66195269994668,180.7149192171985,200.4789053100872
95.06849315068493,98.19836550130441,83.00585853317901,181.20422403448342,200.99870112406947
95.56621004566209,98.3431347768128,83.34929737625865,181.69243215307145,201.51727211699426
96.06392694063926,98.48728039160738,83.69227170513125,182.17955209673863,202.03462794812867
96.56164383561644,98.6308083042469,84.0347839699521,182.665592274199,202.55077814589006
97.0593607305936,98.7737243857897,84.37683659548625,183.15056098127596,203.0657321103172
97.55707762557077,98.91603442152268,84.71843198150292,183.6344664030256,203.57949911548332
98.05479452054794,99.05774411264571,85.05957250315788,184.1173166158036,204.0920883118498
98.5525114155251,99.19885907791559,85.40026051137129,184.5991195892869,204.60350872856543
99.05022831050228,99.3393848552493,85.74049833319697,185.07988318844627,205.1137692757106
99.54794520547945,99.4793269032885,86.08028827218223,185.55961517547073,205.62287874648638
100.04566210045661,99.61869060292577,86.41963260872483,186.0383232116506,206.1308458193579
100.54337899543378,99.75748125879397,86.75853360041707,186.51601485921105,206.6376790601401
101.04109589041096,99.89570410072031,87.09699348238985,186.99269758311016,207.14338692404255
101.53881278538812,100.03336428514513,87.43501446764247,187.4683787527876,207.64797775766084
102.03652968036529,100.17046689650704,87.77259874737204,187.9430656438791,208.1514598009261
102.53424657534246,100.30701694859562,88.10974849129272,188.41676543988834,208.6538411890075
103.03196347031962,100.44301938587188,88.44646584795125,188.8894852338231,209.15512995417404
103.5296803652968,100.5784790847581,88.78275294503489,189.36123202979297,209.65533402761343
104.02739726027397,100.71340085489703,89.11861188967193,189.83201274456894,210.15446124120433
104.52511415525113,100.84778944038271,89.45404476873178,190.30183420911447,210.65251932926148
105.0228310502283,100.98164952096198,89.78905364911155,190.77070317007355,211.14951593022676
105.52054794520548,101.11498571320902,90.1236405780247,191.23862629123374,211.64545858833526
106.01826484018264,101.24780257167271,90.45780758327943,191.70561015495213,212.1403547552367
106.51598173515981,101.38010458999764,90.79155667355259,192.17166126355022,212.63421179158425
107.01369863013699,101.51189620202041,91.1248898386605,192.6367860406809,213.12703696858858
107.51141552511415,101.64318178284043,91.45780904982314,193.10099083266357,213.6188374695389
108.00913242009132,101.77396564986702,91.79031625992152,193.56428190978855,214.10962039128455
108.5068493150685,101.90425206384327,92.12241340375682,194.02666546760008,214.59939274569854
109.00456621004565,102.03404522984675,92.45410239829535,194.4881476281421,215.08816146109262
109.50228310502283,102.16334929826803,92.78538514291604,194.94873444118406,215.57593338361323
110.0,102.29216836576825,93.11626351965329,195.40843188542152,216.0627152786073
