H_min,DeltaT_s_K,m,RSS,within_approx_95pct_profile,RSS_95pct_threshold
0.0,162.09111350781734,1.9562773718604924,0.050801526664792235,True,0.05872281768199147
0.001,161.97360013980375,1.956649653527088,0.05080712911591988,True,0.05872281768199147
0.002,161.85604169580373,1.957023041489243,0.05081274999728223,True,0.05872281768199147
0.003,161.73844225085492,1.9573974335535484,0.05081838939768439,True,0.05872281768199147
0.004,161.62079929295302,1.95777289985156,0.0508240474066175,True,0.05872281768199147
0.005,161.5031158794454,1.9581493676981467,0.05082972411402865,True,0.05872281768199147
0.006,161.38539429818837,1.958526779390172,0.05083541961043257,True,0.05872281768199147
0.007,161.26763432244158,1.9589051436298064,0.05084113398697169,True,0.05872281768199147
0.008,161.14983570230729,1.959284469651538,0.050846867335369764,True,0.05872281768199147
0.009000000000000001,161.0319987130329,1.9596647534381952,0.05085261974792199,True,0.05872281768199147
0.01,160.9141224442807,1.960046021014855,0.05085839131754395,True,0.05872281768199147
0.011,160.79620910411296,1.9604282204847585,0.05086418213766098,True,0.05872281768199147
0.012,160.678255361482,1.9608114353526147,0.050869992302443275,True,0.05872281768199147
0.013000000000000001,160.5602644081838,1.9611955908851275,0.05087582190649054,True,0.05872281768199147
0.014,160.44223328279529,1.961580764249762,0.050881671045180744,True,0.05872281768199147
0.015,160.32416379097762,1.961966912600366,0.05088753981436711,True,0.05872281768199147
0.016,160.2060554196751,1.9623540478044645,0.050893428310582,True,0.05872281768199147
0.017,160.0882826746908,1.9627324560519734,0.05089933662447364,True,0.05872281768199147
0.018000000000000002,159.97009642982522,1.963121562740633,0.05090526486681359,True,0.05872281768199147
0.019,159.85186937266303,1.9635117172782914,0.05091121312956011,True,0.05872281768199147
0.02,159.73322921026872,1.9639126615093223,0.05091718151825817,True,0.05872281768199147
0.021,159.61492423701964,1.9643048487965717,0.05092317011950693,True,0.05872281768199147
0.022,159.49658096792902,1.9646980353397883,0.05092917904016026,True,0.05872281768199147
0.023,159.37819640907423,1.965092290455312,0.050935208381276756,True,0.05872281768199147
0.024,159.25977380663926,1.9654875390664974,0.05094125824440804,True,0.05872281768199147
0.025,159.14131108995244,1.9658838352504904,0.050947328731917124,True,0.05872281768199147
0.026000000000000002,159.02280906940922,1.9662811629227628,0.05095341994675538,True,0.05872281768199147
0.027,158.90426669349245,1.9666795562245922,0.05095953199260375,True,0.05872281768199147
0.028,158.78568470558213,1.967078990840428,0.05096566497375528,True,0.05872281768199147
0.029,158.6670634940103,1.9674794667645688,0.05097181899521913,True,0.05872281768199147
0.03,158.54840191337146,1.9678810105000495,0.05097799416271771,True,0.05872281768199147
0.031,158.42970059718238,1.9682836158866737,0.050984190582638506,True,0.05872281768199147
0.032,158.31095867888834,1.9686873040458759,0.0509904083620934,True,0.05872281768199147
0.033,158.19217723468307,1.9690920514163117,0.05099664760886208,True,0.05872281768199147
0.034,158.07335547876977,1.969497882547682,0.05100290843148003,True,0.05872281768199147
0.035,157.9544927704583,1.969904817182677,0.0510091909391934,True,0.05872281768199147
0.036000000000000004,157.83559084002115,1.9703128121605,0.051015495241926175,True,0.05872281768199147
0.037,157.71664871019178,1.9707218984506139,0.05102182145039014,True,0.05872281768199147
0.038,157.59766547088913,1.9711321023544,0.05102816967602433,True,0.05872281768199147
0.039,157.4786423040483,1.9715433960274686,0.05103454003097719,True,0.05872281768199147
0.04,157.35957864029075,1.971955799313047,0.0510409326281751,True,0.05872281768199147
0.041,157.24047349709915,1.9723693377195768,0.05104734758129643,True,0.05872281768199147
0.042,157.12132850750743,1.9727839757074452,0.05105378500475627,True,0.05872281768199147
0.043000000000000003,157.00214283013875,1.9731997397072432,0.05106024501376237,True,0.05872281768199147
0.044,156.88291620670432,1.9736166367753756,0.05106672772428614,True,0.05872281768199147
0.045,156.76339454228733,1.9740417683210383,0.051073233256509046,True,0.05872281768199147
0.046,156.6442857402004,1.9744553824136857,0.05107976171783801,True,0.05872281768199147
0.047,156.5251397848837,1.97487000154327,0.05108631323756356,True,0.05872281768199147
0.048,156.40560191487813,1.9752955979031868,0.0510928879283994,True,0.05872281768199147
0.049,156.28617119312383,1.975718205469642,0.05109948591359399,True,0.05872281768199147
0.05,156.16669898748123,1.976141983523918,0.05110610731273138,True,0.05872281768199147
0.051000000000000004,156.0471859097616,1.976566919712215,0.05111275224738179,True,0.05872281768199147
0.052000000000000005,155.92763178933845,1.9769930240059732,0.051119420839936446,True,0.05872281768199147
0.053,155.8080367451129,1.9774202914739951,0.0511261132136276,True,0.05872281768199147
0.054,155.68840081038917,1.9778487309859656,0.051132829492520404,True,0.05872281768199147
0.055,155.5687240775334,1.9782783423765604,0.051139569801533724,True,0.05872281768199147
0.056,155.4490057740135,1.9787091465207416,0.05114633426642508,True,0.05872281768199147
0.057,155.32924616422113,1.9791411465884534,0.05115312301382244,True,0.05872281768199147
0.058,155.2094456354584,1.9795743299448954,0.05115993617124248,True,0.05872281768199147
0.059000000000000004,155.08960336418497,1.9800087276957805,0.051166773867031626,True,0.05872281768199147
0.06,154.96934598679314,1.9804551897849196,0.05117363622251982,True,0.05872281768199147
0.061,154.84938948267643,1.9808929514778366,0.05118052338230131,True,0.05872281768199147
0.062,154.72939126264285,1.9813319428652971,0.05118743547076513,True,0.05872281768199147
0.063,154.60935112538317,1.9817721704920945,0.05119437261985679,True,0.05872281768199147
0.064,154.48926772487874,1.9822136797982337,0.051201334962427084,True,0.05872281768199147
0.065,154.36914470274868,1.9826563739900682,0.05120832263227724,True,0.05872281768199147
0.066,154.24897711548905,1.9831003953092987,0.05121533576408797,True,0.05872281768199147
0.067,154.12876841151433,1.9835456493771104,0.05122237449352826,True,0.05872281768199147
0.068,154.00851716365864,1.9839921841128378,0.05122943895718047,True,0.05872281768199147
0.069,153.88822371907972,1.984439985205726,0.05123652929259601,True,0.05872281768199147
0.07,153.76788805645185,1.9848890687078145,0.05124364563827881,True,0.05872281768199147
0.07100000000000001,153.64751025212513,1.9853394301216079,0.051250788133709826,True,0.05872281768199147
0.07200000000000001,153.5270896163551,1.9857910976838584,0.05125795691933737,True,0.05872281768199147
0.073,153.40662639751767,1.9862440655610958,0.05126515213660723,True,0.05872281768199147
0.074,153.2861214925608,1.9866983141769299,0.051272373927965874,True,0.05872281768199147
0.075,153.16557402381602,1.987153872519491,0.0512796224368472,True,0.05872281768199147
0.076,153.04498332550648,1.9876107619773093,0.051286897807699225,True,0.05872281768199147
0.077,152.92435090221045,1.9880689505265812,0.051294200186011586,True,0.05872281768199147
0.078,152.80367539232702,1.988528475230262,0.05130152971827831,True,0.05872281768199147
0.079,152.68295766279218,1.9889893202692654,0.05130888655205312,True,0.05872281768199147
0.08,152.5621960950462,1.9894515311559653,0.05131627083591208,True,0.05872281768199147
0.081,152.44139302732972,1.9899150498615417,0.051323682719535205,True,0.05872281768199147
0.082,152.3205468356824,1.9903799276765997,0.05133112235361921,True,0.05872281768199147
0.083,152.1996583353833,1.9908461463292222,0.05133858988996995,True,0.05872281768199147
0.084,152.0787261180368,1.991313745706603,0.0513460854814497,True,0.05872281768199147
0.085,151.95775120217206,1.9917827096651637,0.051353609282043446,True,0.05872281768199147
0.08600000000000001,151.8367335291951,1.9922530388487016,0.05136116144683457,True,0.05872281768199147
0.08700000000000001,151.71567362744244,1.9927247233953036,0.05136874213202733,True,0.05872281768199147
0.088,151.59457042753374,1.9931978038555813,0.05137635149491886,True,0.05872281768199147
0.089,151.47342390844642,1.9936722787067256,0.05138398969396728,True,0.05872281768199147
0.09,151.3522336293147,1.9941481720521075,0.0513916568887562,True,0.05872281768199147
0.091,151.23100109601336,1.994625441840285,0.051399353240070667,True,0.05872281768199147
0.092,151.10972577063535,1.9951041074379028,0.05140707890981984,True,0.05872281768199147
0.093,150.98840673567753,1.995584204150402,0.0514148340610741,True,0.05872281768199147
0.094,150.8670448407048,1.9960657105141268,0.05142261885813204,True,0.05872281768199147
0.095,150.74563958458404,1.996548648165774,0.05143043346645599,True,0.05872281768199147
0.096,150.62419110517848,1.9970330152689666,0.05143827805273434,True,0.05872281768199147
0.097,150.5026996686016,1.9975188101647543,0.051446152784873495,True,0.05872281768199147
0.098,150.38116420310863,1.9980060681597254,0.05145405783197741,True,0.05872281768199147
0.099,150.25958574205893,1.9984947707622565,0.05146199336443403,True,0.05872281768199147
0.1,150.13796389647015,1.998984925511774,0.051469959553864394,True,0.05872281768199147
0.101,150.01629856575462,1.999476550332386,0.05147795657313768,True,0.05872281768199147
0.10200000000000001,149.89458940009507,1.9999696516547556,0.05148598459641141,True,0.05872281768199147
0.10300000000000001,149.77283734333867,2.0004642149847025,0.05149404379914581,True,0.05872281768199147
0.10400000000000001,149.6510416518244,2.000960260865038,0.051502134358067636,True,0.05872281768199147
0.105,149.52920138433942,2.0014578290915845,0.0515102564511869,True,0.05872281768199147
0.106,149.4073190042204,2.001956846631502,0.05151841025795816,True,0.05872281768199147
0.107,149.2853913211397,2.0024574170821725,0.05152659595897596,True,0.05872281768199147
0.108,149.16342094457278,2.002959466769223,0.051534813736375876,True,0.05872281768199147
0.109,149.0414069898482,2.0034630295159683,0.051543063773531135,True,0.05872281768199147
0.11,148.9190296061619,2.0039788487232726,0.05155134624766216,True,0.05872281768199147
0.111,148.79692092552435,2.0044857420038267,0.051559661359609446,True,0.05872281768199147
0.112,148.6747674293132,2.00499420114556,0.05156800928976637,True,0.05872281768199147
0.113,148.5525707188766,2.0055041885514457,0.05157639022709756,True,0.05872281768199147
0.114,148.43032919376043,2.006015755824729,0.0515848043619751,True,0.05872281768199147
0.115,148.30804370883203,2.006528884786257,0.05159325188621599,True,0.05872281768199147
0.116,148.18571452060732,2.0070435705360494,0.051601732993082905,True,0.05872281768199147
0.117,148.06334097170478,2.0075598458634563,0.0516102478772925,True,0.05872281768199147
0.11800000000000001,147.94092346455793,2.0080776943586636,0.051618796735045006,True,0.05872281768199147
0.11900000000000001,147.81846163688422,2.008597140755113,0.051627379764020764,True,0.05872281768199147
0.12,147.69595556271528,2.009118186633601,0.051635997163406576,True,0.05872281768199147
0.121,147.5734051127616,2.0096408429815673,0.05164464913390367,True,0.05872281768199147
0.122,147.45081071572113,2.0101651038472084,0.05165333587774626,True,0.05872281768199147
0.123,147.3281719401862,2.010690986357102,0.05166205759870933,True,0.05872281768199147
0.124,147.20548837238405,2.0112185116220953,0.05167081450212546,True,0.05872281768199147
0.125,147.0827606676812,2.011747662964108,0.05167960679490896,True,0.05872281768199147
0.126,146.95998878492102,2.012278452858096,0.051688434685556395,True,0.05872281768199147
0.127,146.837172049146,2.0128109006989034,0.05169729838416698,True,0.05872281768199147
0.128,146.71431135100374,2.0133449936920584,0.05170619810246483,True,0.05872281768199147
0.129,146.59140504871107,2.0138807873431825,0.05171513405379305,True,0.05872281768199147
0.13,146.46845577982162,2.014418199920259,0.05172410645317616,True,0.05872281768199147
0.131,146.3454604495867,2.014957342716153,0.0517331155172583,True,0.05872281768199147
0.132,146.22242102861915,2.015498159986984,0.05174216146440391,True,0.05872281768199147
0.133,146.09933725524033,2.016040660217507,0.051751244514660406,True,0.05872281768199147
0.134,145.9762083209048,2.0165848827317534,0.05176036488977944,True,0.05872281768199147
0.135,145.85303451571224,2.017130820319993,0.05176952281325463,True,0.05872281768199147
0.136,145.7298161521466,2.017678472204435,0.05177871851032408,True,0.05872281768199147
0.137,145.6065526815889,2.0182278647023306,0.051787952207981595,True,0.05872281768199147
0.138,145.48324504482346,2.0187789707231545,0.05179722413501605,True,0.05872281768199147
0.139,145.35989177635133,2.0193318468405934,0.051806534521989606,True,0.05872281768199147
0.14,145.2364942512688,2.019886453160354,0.051815883601306525,True,0.05872281768199147
0.14100000000000001,145.11305137240217,2.020442838493798,0.051825271607176926,True,0.05872281768199147
0.14200000000000002,144.98956341625092,2.021000992493409,0.05183469877567895,True,0.05872281768199147
0.14300000000000002,144.866030565867,2.0215609245443416,0.05184416534475134,True,0.05872281768199147
0.14400000000000002,144.74245288462416,2.02212263282926,0.051853671554223504,True,0.05872281768199147
0.145,144.61882948776775,2.0226861600367734,0.05186321764581359,True,0.05872281768199147
0.146,144.4951611877757,2.0232514819246004,0.05187280386318512,True,0.05872281768199147
0.147,144.37144815962233,2.0238186013001833,0.05188243045193377,True,0.05872281768199147
0.148,144.2476895243431,2.0243875539332037,0.05189209765960537,True,0.05872281768199147
0.149,144.12388567120195,2.024958342409404,0.05190180573573507,True,0.05872281768199147
0.15,144.0000363012873,2.025530970565741,0.05191155493185947,True,0.05872281768199147
0.151,143.8761424926595,2.0261054224128805,0.051921345501538686,True,0.05872281768199147
0.152,143.75220220349908,2.0266817655812397,0.05193117770034297,True,0.05872281768199147
0.153,143.62821692519205,2.027259963827788,0.05194105178593842,True,0.05872281768199147
0.154,143.50418688224684,2.027840011842419,0.05195096801806037,True,0.05872281768199147
0.155,143.3801110648105,2.0284219549627447,0.051960926658523844,True,0.05872281768199147
0.156,143.25598922039407,2.0290058097681816,0.05197092797127525,True,0.05872281768199147
0.157,143.13182251162647,2.0295915437060033,0.05198097222242294,True,0.05872281768199147
0.158,143.00761010304595,2.0301791936032254,0.051991059680210575,True,0.05872281768199147
0.159,142.88335200607128,2.0307687673855623,0.05200119061507798,True,0.05872281768199147
0.16,142.75904806321574,2.0313602779424142,0.05201136529966954,True,0.05872281768199147
0.161,142.6346987836266,2.0319537162497916,0.052021584008867784,True,0.05872281768199147
0.162,142.5103040335383,2.0325490955724486,0.05203184701979689,True,0.05872281768199147
0.163,142.38586343526816,2.0331464382703497,0.05204215461185027,True,0.05872281768199147
0.164,142.26137701921246,2.033745748689032,0.052052507066726435,True,0.05872281768199147
0.165,142.13684499402774,2.0343470289868524,0.052062904668444286,True,0.05872281768199147
0.166,142.0122670990211,2.0349503016253996,0.05207334770335588,True,0.05872281768199147
0.167,141.88764306771668,2.035555579088894,0.05208383646018604,True,0.05872281768199147
0.168,141.76297328748666,2.036162855350531,0.05209437123005895,True,0.05872281768199147
0.169,141.63825823253694,2.0367721216549834,0.05210495230651616,True,0.05872281768199147
0.17,141.5134965436779,2.037383444674101,0.05211557998549889,True,0.05872281768199147
0.171,141.3886885732309,2.0379968137560365,0.05212625456545403,True,0.05872281768199147
0.17200000000000001,141.26383602462158,2.0386121733570777,0.05213697634734332,True,0.05872281768199147
0.17300000000000001,141.13893596665625,2.0392296442954296,0.052147745634547375,True,0.05872281768199147
0.17400000000000002,141.01399101525644,2.0398491374796675,0.05215856273310327,True,0.05872281768199147
0.17500000000000002,140.88899943788905,2.040470724852374,0.052169427951526445,True,0.05872281768199147
0.176,140.76396179767943,2.041094395515756,0.052180341600971694,True,0.05872281768199147
0.177,140.63887698569727,2.0417202062100888,0.05219130399517415,True,0.05872281768199147
0.178,140.51374722723634,2.042348069667935,0.052202315450604574,True,0.05872281768199147
0.179,140.38857128466415,2.042978051086731,0.05221337628631536,True,0.05872281768199147
0.18,140.2633483622119,2.043610191424466,0.05222448682407544,True,0.05872281768199147
0.181,140.13807979088665,2.0442444431716984,0.05223564738844094,True,0.05872281768199147
0.182,140.01276479590993,2.0448808490149273,0.05224685830666959,True,0.05872281768199147
0.183,139.88740308733813,2.045519432421192,0.05225811990881826,True,0.05872281768199147
0.184,139.76199606526302,2.0461601408283783,0.052269432527813256,True,0.05872281768199147
0.185,139.6365411806409,2.0468030910594783,0.0522807964993115,True,0.05872281768199147
0.186,139.51104116669967,2.0474481764319425,0.05229221216200021,True,0.05872281768199147
0.187,139.3854944246132,2.0480954828936113,0.05230367985733795,True,0.05872281768199147
0.188,139.25990112144441,2.048745005688703,0.05231519992978628,True,0.05872281768199147
0.189,139.13426052474318,2.0493967840527905,0.05232677272674148,True,0.05872281768199147
0.19,139.00857438110543,2.0500507582892586,0.052338398598672155,True,0.05872281768199147
0.191,138.8828412514697,2.0507070000541154,0.05235007789898114,True,0.05872281768199147
0.192,138.75706181539158,2.0513654858635535,0.05236181098420665,True,0.05872281768199147
0.193,138.6312350859923,2.0520262753385525,0.0523735982139164,True,0.05872281768199147
0.194,138.50536321717425,2.0526892807762556,0.05238543995092629,True,0.05872281768199147
0.195,138.37944285643889,2.053354658474447,0.05239733656101689,True,0.05872281768199147
0.196,138.25347643258814,2.0540223147571823,0.052409288413367,True,0.05872281768199147
0.197,138.12746352604768,2.054692271793248,0.05242129588029362,True,0.05872281768199147
0.198,138.00140419726026,2.0553645528393556,0.052433359337373316,True,0.05872281768199147
0.199,137.87529725833227,2.0560392066433417,0.05244547916346452,True,0.05872281768199147
0.2,137.74914422823753,2.056716181602954,0.052457655740845814,True,0.05872281768199147
0.201,137.6229439723134,2.0573955410451865,0.0524698894550662,True,0.05872281768199147
0.202,137.49669718784168,2.058077260473567,0.05248218069516247,True,0.05872281768199147
0.203,137.37040316930685,2.0587613860444614,0.052494529853550034,True,0.05872281768199147
0.20400000000000001,137.24406207015375,2.059447919293651,0.05250693732616823,True,0.05872281768199147
0.20500000000000002,137.1176746161854,2.0601368388589187,0.05251940351249877,True,0.05872281768199147
0.20600000000000002,136.99123958426773,2.06082821322842,0.05253192881549455,True,0.05872281768199147
0.20700000000000002,136.8647584783687,2.061521990320881,0.052544513641822194,True,0.05872281768199147
0.20800000000000002,136.73822984548417,2.0622182428914027,0.052557158401663945,True,0.05872281768199147
0.209,136.61165351980185,2.062916979342929,0.05256986350894229,True,0.05872281768199147
0.21,136.48503117579295,2.06361815539459,0.052582629381344725,True,0.05872281768199147
0.211,136.35836107674805,2.0643218473478018,0.052595456440199403,True,0.05872281768199147
0.212,136.2316439633673,2.065028039147632,0.05260834511072426,True,0.05872281768199147
0.213,136.10487982471795,2.0657367410961704,0.05262129582195286,True,0.05872281768199147
0.214,135.9780686546232,2.066447968587613,0.052634309006795096,True,0.05872281768199147
0.215,135.85121008924853,2.0671617506375193,0.052647385102072355,True,0.05872281768199147
0.216,135.72430432000417,2.067878084274258,0.0526605245486132,True,0.05872281768199147
0.217,135.59735143890592,2.068596982379243,0.05267372779123971,True,0.05872281768199147
0.218,135.4703513495746,2.0693184608659823,0.05268699527883093,True,0.05872281768199147
0.219,135.3433041880648,2.070042530847965,0.05270032746437364,True,0.05872281768199147
0.22,135.21620960480584,2.0707692138028895,0.052713724804995574,True,0.05872281768199147
0.221,135.0890673454105,2.071498537245771,0.05272718776201009,True,0.05872281768199147
0.222,134.9618778279546,2.0722304935820173,0.052740716801018356,True,0.05872281768199147
0.223,134.83464154509795,2.072965076209182,0.05275431239191187,True,0.05872281768199147
0.224,134.70711642349778,2.073714615993378,0.05276797499965376,True,0.05872281768199147
0.225,134.57978187001342,2.074454772645707,0.05278170512093757,True,0.05872281768199147
0.226,134.45240033944575,2.0751976079471945,0.05279550322990178,True,0.05872281768199147
0.227,134.32497070644027,2.0759431799903583,0.052809369814060106,True,0.05872281768199147
0.228,134.19749414946207,2.0766914519026423,0.05282330536548225,True,0.05872281768199147
0.229,134.0699700740835,2.0774424676128076,0.052837310380815225,True,0.05872281768199147
0.23,133.9423982604201,2.078196247357,0.05285138536135403,True,0.05872281768199147
0.231,133.81477865191624,2.0789528087015556,0.05286553081309096,True,0.05872281768199147
0.232,133.68711179160957,2.0797121430452767,0.05287974724677387,True,0.05872281768199147
0.233,133.55939756791386,2.08047426513717,0.05289403517795195,True,0.05872281768199147
0.234,133.43163530812635,2.0812392232716905,0.05290839512702805,True,0.05872281768199147
0.23500000000000001,133.30382537980933,2.0820070110380806,0.05292282761933233,True,0.05872281768199147
0.23600000000000002,133.1759680684974,2.0827776385116126,0.05293733318516454,True,0.05872281768199147
0.23700000000000002,133.04806325340584,2.083551115495102,0.05295191235985668,True,0.05872281768199147
0.23800000000000002,132.92011070133387,2.0843274757875507,0.05296656568382374,True,0.05872281768199147
0.23900000000000002,132.79211013993358,2.085106741606936,0.052981293702632194,True,0.05872281768199147
0.24,132.66406255392812,2.0858888837513176,0.05299609696706741,True,0.05872281768199147
0.241,132.53596673953425,2.0866739710418862,0.053010976033163064,True,0.05872281768199147
0.242,132.40782304400045,2.087462012102222,0.05302593146229558,True,0.05872281768199147
0.243,132.27963181545115,2.0882529923494935,0.0530409638212411,True,0.05872281768199147
0.244,132.15139293721202,2.0890469436705055,0.05305607368222044,True,0.05872281768199147
0.245,132.02310649471093,2.089843867683019,0.05307126162298308,True,0.05872281768199147
0.246,131.89477148033393,2.090643837588383,0.05308652822684606,True,0.05872281768199147
0.247,131.76638946771516,2.091446788221582,0.05310187408281164,True,0.05872281768199147
0.248,131.63795931296366,2.092252792202373,0.05311729978556717,True,0.05872281768199147
0.249,131.50948149735785,2.0930618433467814,0.053132805935605404,True,0.05872281768199147
0.25,131.38095563826406,2.093873977949034,0.05314839313926346,True,0.05872281768199147
0.251,131.25238205105853,2.0946891900954254,0.05316406200881427,True,0.05872281768199147
0.252,131.12376054593722,2.0955075124665488,0.053179813162515355,True,0.05872281768199147
0.253,130.99509114892237,2.0963289591727396,0.05319564722469678,True,0.05872281768199147
0.254,130.8663736411779,2.0971535549937284,0.05321156482582542,True,0.05872281768199147
0.255,130.7376089275014,2.097981276812709,0.05322756660259392,True,0.05872281768199147
0.256,130.60879590989,2.09881219379778,0.05324365319795883,True,0.05872281768199147
0.257,130.47993500525166,2.099646295362685,0.05325982526126235,True,0.05872281768199147
0.258,130.35102614882507,2.1004836139624503,0.05327608344827447,True,0.05872281768199147
0.259,130.22206934370882,2.101324158558701,0.05329242842129185,True,0.05872281768199147
0.26,130.0930648417049,2.1021679409704275,0.05330886084920729,True,0.05872281768199147
0.261,129.96401211047373,2.1030150014479276,0.05332538140758386,True,0.05872281768199147
0.262,129.8349112085476,2.1038653530451197,0.05334199077875163,True,0.05872281768199147
0.263,129.70576305195712,2.104718970397812,0.05335868965189432,True,0.05872281768199147
0.264,129.57656633394853,2.1055759433039136,0.05337547872308529,True,0.05872281768199147
0.265,129.44732202254895,2.1064362314365876,0.05339235869544978,True,0.05872281768199147
0.266,129.31802964377144,2.1072998776129355,0.05340933027918293,True,0.05872281768199147
0.267,129.18868907857822,2.1081669155968905,0.05342639419166528,True,0.05872281768199147
0.268,129.05930072827493,2.109037339122857,0.05344355115756416,True,0.05872281768199147
0.269,128.92986447189256,2.1099111682846257,0.053460801908900395,True,0.05872281768199147
0.27,128.8003800902151,2.110788441271884,0.05347814718514127,True,0.05872281768199147
0.271,128.67084766457063,2.1116691704527857,0.05349558773330939,True,0.05872281768199147
0.272,128.54126721108867,2.1125533771124734,0.05351312430806348,True,0.05872281768199147
0.273,128.41163920595636,2.1134410460426,0.05353075767181158,True,0.05872281768199147
0.274,128.28196297526577,2.114332243649392,0.05354848859476235,True,0.05872281768199147
0.275,128.1522387730563,2.1152269720308325,0.05356631785507814,True,0.05872281768199147
0.276,128.02246635920145,2.1161252667939947,0.0535842462389376,True,0.05872281768199147
0.277,127.89264627791911,2.1170271155126,0.05360227454066786,True,0.05872281768199147
0.278,127.76277792002931,2.1179325779905076,0.05362040356279997,True,0.05872281768199147
0.279,127.63286181200627,2.1188416370670042,0.05363863411623246,True,0.05872281768199147
0.28,127.50289725389887,2.1197543556329275,0.05365696702027284,True,0.05872281768199147
0.281,127.37288543414239,2.120670689415049,0.05367540310282039,True,0.05872281768199147
0.28200000000000003,127.24282531384922,2.1215907198055657,0.05369394320038096,True,0.05872281768199147
0.28300000000000003,127.11271673796766,2.122514476505447,0.053712588158248364,True,0.05872281768199147
0.28400000000000003,126.98256117940434,2.1234418958935026,0.05373133883063564,True,0.05872281768199147
0.28500000000000003,126.85235677724665,2.1243731092328177,0.05375019608066556,True,0.05872281768199147
0.28600000000000003,126.72210451785742,2.1253080751274287,0.05376916078064341,True,0.05872281768199147
0.28700000000000003,126.59180482279916,2.126246794374573,0.05378823381208116,True,0.05872281768199147
0.28800000000000003,126.46145678253416,2.127189348965042,0.05380741606579739,True,0.05872281768199147
0.289,126.33106100921815,2.128135714364629,0.053826708442124824,True,0.05872281768199147
0.29,126.20061723491246,2.1290859396356216,0.053846111850946746,True,0.05872281768199147
0.291,126.0701259359591,2.130040012855939,0.0538656272118872,True,0.05872281768199147
0.292,125.93958616161757,2.130998019921699,0.05388525545435903,True,0.05872281768199147
0.293,125.80899854817717,2.131959936269017,0.05390499751779427,True,0.05872281768199147
0.294,125.67836349430102,2.132925770436801,0.05392485435170147,True,0.05872281768199147
0.295,125.54768003904204,2.133895602656688,0.0539448269157813,True,0.05872281768199147
0.296,125.41694953768203,2.134869369044247,0.05396491618016723,True,0.05872281768199147
0.297,125.28617026959529,2.1358472108787776,0.05398512312538217,True,0.05872281768199147
0.298,125.15534387019706,2.136829040871737,0.054005448742703535,True,0.05872281768199147
0.299,125.0244688285199,2.1378149821711867,0.05402589403407114,True,0.05872281768199147
0.3,124.89354693110975,2.1388049446333923,0.05404646001245545,True,0.05872281768199147
0.301,124.76257682687775,2.139799032683133,0.05406714770178429,True,0.05872281768199147
0.302,124.63155916419291,2.140797254085603,0.05408795813724071,True,0.05872281768199147
0.303,124.50049360283988,2.141799633603728,0.054108892365361344,True,0.05872281768199147
0.304,124.36937999400504,2.14280620708199,0.05412995144418117,True,0.05872281768199147
0.305,124.23821907969958,2.14381697115464,0.05415113644341697,True,0.05872281768199147
0.306,124.1070105382915,2.144831957137204,0.05417244844458765,True,0.05872281768199147
0.307,123.97575407846956,2.1458512109258794,0.05419388854117698,True,0.05872281768199147
0.308,123.84445052581604,2.1468747115761992,0.054215457838845106,True,0.05872281768199147
0.309,123.71309878805269,2.1479025578513324,0.05423715745548005,True,0.05872281768199147
0.31,123.5816995656931,2.148934727326946,0.05425898852151105,True,0.05872281768199147
0.311,123.45025262977907,2.149971263633566,0.05428095217996088,True,0.05872281768199147
0.312,123.3187588798652,2.1510121324083884,0.05430304958670905,True,0.05872281768199147
0.313,123.18721656917413,2.152057478197107,0.0543252819104989,True,0.05872281768199147
0.314,123.05562747895578,2.153107214708888,0.05434765033338043,True,0.05872281768199147
0.315,122.92399090058967,2.1541614165919367,0.05437015605063573,True,0.05872281768199147
0.316,122.79230690363647,2.1552201043419332,0.054392800271101674,True,0.05872281768199147
0.317,122.66057511302064,2.156283342603171,0.05441558421728636,True,0.05872281768199147
0.318,122.52879625926283,2.1573511001374235,0.054438509125660374,True,0.05872281768199147
0.319,122.39697057857981,2.158423389239915,0.054461576246747266,True,0.05872281768199147
0.32,122.26509726955767,2.1595002930217286,0.054484786845297485,True,0.05872281768199147
0.321,122.1331761148042,2.16058187570767,0.05450814220054512,True,0.05872281768199147
0.322,122.00120845908648,2.1616680570798574,0.054531643606513705,True,0.05872281768199147
0.323,121.8691933630283,2.1627589383921517,0.05455529237196878,True,0.05872281768199147
0.324,121.73713134658561,2.163854509168237,0.05457908982084795,True,0.05872281768199147
0.325,121.60502201086861,2.1649548363704554,0.05460303729232491,True,0.05872281768199147
0.326,121.47286542594264,2.1660599438729076,0.05462713614111944,True,0.05872281768199147
0.327,121.34066211179504,2.167169820636751,0.054651387737708945,True,0.05872281768199147
0.328,121.20841149457293,2.1682845493711107,0.054675793468442355,True,0.05872281768199147
0.329,121.07611443050021,2.169404091515266,0.05470035473594531,True,0.05872281768199147
0.33,120.94376995608819,2.170528558326,0.05472507295911817,True,0.05872281768199147
0.331,120.811378843454,2.1716579212020513,0.054749949573615106,True,0.05872281768199147
0.332,120.67894119068856,2.172792207201788,0.05477498603191293,True,0.05872281768199147
0.333,120.54645640379124,2.1739314965035152,0.05480018380355077,True,0.05872281768199147
0.334,120.41392512078777,2.175075765895986,0.0548255443755141,True,0.05872281768199147
0.335,120.28134694297809,2.176225087155317,0.054851069252301286,True,0.05872281768199147
0.336,120.1487222225608,2.1773794787606353,0.05487675995630955,True,0.05872281768199147
0.337,120.01605085945023,2.1785389647028754,0.05490261802804593,True,0.05872281768199147
0.338,119.88333333637704,2.179703551389458,0.05492864502639705,True,0.05872281768199147
0.339,119.75056934310773,2.180873298199876,0.05495484252883403,True,0.05872281768199147
0.34,119.61775877550716,2.1820482478545076,0.05498121213174422,True,0.05872281768199147
0.341,119.48490194911227,2.1832284124720314,0.055007755450719356,True,0.05872281768199147
0.342,119.35199886530377,2.184413833191084,0.055034474120774106,True,0.05872281768199147
0.343,119.21904965482238,2.1856045224658756,0.0550613697966919,True,0.05872281768199147
0.34400000000000003,119.08605403496097,2.186800562054565,0.05508844415319834,True,0.05872281768199147
0.34500000000000003,118.95301232498878,2.1880019453365915,0.05511569888543405,True,0.05872281768199147
0.34600000000000003,118.81992471450111,2.189208699455929,0.05514313570911142,True,0.05872281768199147
0.34700000000000003,118.68679103477987,2.1904208917064913,0.05517075636080995,True,0.05872281768199147
0.34800000000000003,118.5536116857088,2.1916385025936593,0.055198562598433865,True,0.05872281768199147
0.34900000000000003,118.42038604018961,2.192861640959077,0.05522655620126869,True,0.05872281768199147
0.35000000000000003,118.28711535621981,2.194090228105098,0.05525473897066747,True,0.05872281768199147
0.35100000000000003,118.1537985990724,2.1953244088013273,0.055283112729897145,True,0.05872281768199147
0.352,118.02043630664348,2.1965641630928143,0.05531167932492198,True,0.05872281768199147
0.353,117.8870284694939,2.1978095385192047,0.05534044062446013,True,0.05872281768199147
0.354,117.75357497051526,2.199060582170984,0.05536939852040866,True,0.05872281768199147
0.355,117.62007627068913,2.200317298984181,0.05539855492823558,True,0.05872281768199147
0.356,117.48653219812164,2.2015797476367496,0.05542791178721808,True,0.05872281768199147
0.357,117.35294304656522,2.2028479447187252,0.055457471060917085,True,0.05872281768199147
0.358,117.21930853996341,2.204121947522894,0.055487234737440855,True,0.05872281768199147
0.359,117.08562896974665,2.205401784880581,0.055517204829892995,True,0.05872281768199147
0.36,116.95190438775485,2.2066874909044105,0.05554738337671739,True,0.05872281768199147
0.361,116.81813503377417,2.207979087523584,0.055577772442099,True,0.05872281768199147
0.362,116.68432081976029,2.2092766257112992,0.055608374116299764,True,0.05872281768199147
0.363,116.55046215181909,2.2105801194855474,0.05563919051614139,True,0.05872281768199147
0.364,116.41642420010405,2.211905702897687,0.05567022377161924,True,0.05872281768199147
0.365,116.282475304327,2.213221532553166,0.05570147608067668,True,0.05872281768199147
0.366,116.14848173788577,2.21454347055268,0.05573294962884899,True,0.05872281768199147
0.367,116.0144436686733,2.2158715510211833,0.055764646643082144,True,0.05872281768199147
0.368,115.88036173939946,2.217205767612937,0.055796569378932535,True,0.05872281768199147
0.369,115.74623536497656,2.2185462107425407,0.05582872012097713,True,0.05872281768199147
0.37,115.61206512889996,2.2198928880472595,0.055861101183300316,True,0.05872281768199147
0.371,115.47785094127777,2.2212458352661177,0.05589371490992718,True,0.05872281768199147
0.372,115.34359280306008,2.2226051272441647,0.05592656367528051,True,0.05872281768199147
0.373,115.2092910465397,2.2239707645889215,0.05595964988468492,True,0.05872281768199147
0.374,115.07494558789426,2.2253428063358958,0.055992975974812176,True,0.05872281768199147
0.375,114.94055660325313,2.226721296568759,0.056026544414188584,True,0.05872281768199147
0.376,114.80612411851062,2.228106268745185,0.056060357703693775,True,0.05872281768199147
0.377,114.67164879485473,2.229497713916166,0.05609441837707399,True,0.05872281768199147
0.378,114.53712990212622,2.230895755834254,0.05612872900141264,True,0.05872281768199147
0.379,114.40256789780331,2.2323004118573726,0.056163292177717344,True,0.05872281768199147
0.38,114.26796301072989,2.2337116986140306,0.0561981105414294,True,0.05872281768199147
0.381,114.13331560350075,2.2351296345374183,0.05623318676296483,True,0.05872281768199147
0.382,113.99862536615996,2.2365543159359538,0.05626852354824689,True,0.05872281768199147
0.383,113.86389239673844,2.2379857666254055,0.056304123639314585,True,0.05872281768199147
0.384,113.72911718795815,2.239424011812779,0.05633998981487212,True,0.05872281768199147
0.385,113.59429945572514,2.2408691158374676,0.056376124890867366,True,0.05872281768199147
0.386,113.4594400522499,2.2423210664518827,0.056412531721115655,True,0.05872281768199147
0.387,113.32453820022691,2.243779990000339,0.05644921319784636,True,0.05872281768199147
0.388,113.18959448029861,2.245245875494612,0.056486172252400685,True,0.05872281768199147
0.389,113.05460928548723,2.2467187529741945,0.05652341185580482,True,0.05872281768199147
0.39,112.91958215447339,2.248198726024613,0.05656093501940136,True,0.05872281768199147
0.391,112.78451355985496,2.249685798686653,0.05659874479555424,True,0.05872281768199147
0.392,112.64940382443237,2.251179986887191,0.05663684427827787,True,0.05872281768199147
0.393,112.51425291280971,2.252681371195686,0.056675236603892,True,0.05872281768199147
0.394,112.37906100259009,2.2541899805043375,0.056713924951752676,True,0.05872281768199147
0.395,112.2438281825684,2.255705869060181,0.05675291254492325,True,0.05872281768199147
0.396,112.10855452052915,2.2572290909409776,0.056792202650898016,True,0.05872281768199147
0.397,111.97324042929478,2.258759664159238,0.05683179858234144,True,0.05872281768199147
0.398,111.83788591609574,2.260297642337161,0.05687170369780396,True,0.05872281768199147
0.399,111.70249128649438,2.261843056397212,0.056911921402494764,True,0.05872281768199147
0.4,111.56705651576549,2.2633959796917646,0.05695245514902611,True,0.05872281768199147
0.401,111.43158158564512,2.2649564716809225,0.0569933084382173,True,0.05872281768199147
0.402,111.29606712901541,2.2665245334547235,0.05703448481990653,True,0.05872281768199147
0.403,111.16051317537432,2.2681002151320784,0.05707598789372442,True,0.05872281768199147
0.404,111.02491982071602,2.269683574402059,0.05711782130993302,True,0.05872281768199147
0.405,110.88928726758648,2.2712746501443646,0.0571599887702799,True,0.05872281768199147
0.406,110.75361572633072,2.272873494426566,0.057202494028841366,True,0.05872281768199147
0.40700000000000003,110.61790518625703,2.2744801694140975,0.057245340892899996,True,0.05872281768199147
0.40800000000000003,110.48215606166129,2.2760946940471114,0.05728853322385477,True,0.05872281768199147
0.40900000000000003,110.34636847929453,2.277717123536159,0.05733207493809532,True,0.05872281768199147
0.41000000000000003,110.21054270692609,2.279347484236428,0.057375970007954906,True,0.05872281768199147
0.41100000000000003,110.07467872234999,2.2809858733695116,0.057420222462602984,True,0.05872281768199147
0.41200000000000003,109.93877680547935,2.2826323032425027,0.0574648363890807,True,0.05872281768199147
0.41300000000000003,109.80283702325846,2.2842868437069628,0.057509815933207586,True,0.05872281768199147
0.41400000000000003,109.66686035378979,2.2859494526556663,0.057555165300656796,True,0.05872281768199147
0.41500000000000004,109.53084588378351,2.287620304766573,0.057600888757819456,True,0.05872281768199147
0.41600000000000004,109.39479451833208,2.2892993694638655,0.05764699063302976,True,0.05872281768199147
0.417,109.25870622577564,2.2909867096815204,0.05769347531748356,True,0.05872281768199147
0.418,109.12258129341579,2.292682380275113,0.05774034726635259,True,0.05872281768199147
0.419,108.98642013027307,2.294386402391976,0.05778761099989601,True,0.05872281768199147
0.42,108.85022234010374,2.2960988805675235,0.05783527110451649,True,0.05872281768199147
0.421,108.71398889291073,2.2978197768985,0.05788333223400319,True,0.05872281768199147
0.422,108.57771926679239,2.2995492603259673,0.05793179911051171,True,0.05872281768199147
0.423,108.44141448273524,2.3012872308459587,0.057980676525999544,True,0.05872281768199147
0.424,108.30507436694043,2.303033812301629,0.058029969343153937,True,0.05872281768199147
0.425,108.16869902477306,2.304789070673171,0.0580796824967725,True,0.05872281768199147
0.426,108.03228882090687,2.306553039485208,0.05812982099499685,True,0.05872281768199147
0.427,107.89584401568573,2.308325741033631,0.058180389920575504,True,0.05872281768199147
0.428,107.75936474214025,2.3101072599595067,0.05823139443210935,True,0.05872281768199147
0.429,107.62285142538182,2.3118976114936522,0.05828283976545517,True,0.05872281768199147
0.43,107.48630427869654,2.3136968358486816,0.05833473123501548,True,0.05872281768199147
0.431,107.3497235452566,2.3155049857891448,0.0583870742351126,True,0.05872281768199147
0.432,107.21310920789935,2.317322162760667,0.05843987424136457,True,0.05872281768199147
0.433,107.07646199194099,2.3191483311099987,0.05849313681222857,True,0.05872281768199147
0.434,106.93978173562138,2.320983597322697,0.05854686759027543,True,0.05872281768199147
0.435,106.80306902770451,2.3228279709815567,0.05860107230381663,True,0.05872281768199147
0.436,106.66632403702404,2.32468150140036,0.058655756768331686,True,0.05872281768199147
0.437,106.52954690868896,2.32654425928988,0.05871092688800932,True,0.05872281768199147
0.438,106.39273788189803,2.3284162924095524,0.058766588657346075,False,0.05872281768199147
0.439,106.25589733991276,2.3302976246131717,0.05882274816274323,False,0.05872281768199147
0.44,106.11902584040858,2.3321882714561326,0.05887941158412044,False,0.05872281768199147
0.441,105.98212318409199,2.3340883530769543,0.05893658519649796,False,0.05872281768199147
0.442,105.8451899480149,2.335997858142506,0.05899427537185116,False,0.05872281768199147
0.443,105.7082261130679,2.3379168702231112,0.05905248858067143,False,0.05872281768199147
0.444,105.57123242263587,2.339845397859807,0.05911123139383546,False,0.05872281768199147
0.445,105.4342088381673,2.3417834945589613,0.05917051048432609,False,0.05872281768199147
0.446,105.29715570121449,2.343731221696888,0.059230332629058566,False,0.05872281768199147
0.447,105.16007349502316,2.345688575682246,0.05929070471081096,False,0.05872281768199147
0.448,105.02296231810278,2.347655663537244,0.059351633719967926,False,0.05872281768199147
0.449,104.88582261693293,2.349632470012509,0.059413126756649,False,0.05872281768199147
0.45,104.74865455968487,2.3516190806949515,0.05947519103248002,False,0.05872281768199147
