xi,H_median,H_lower_95,H_upper_95,n_successful_bootstrap,seed
0.0,1.0,1.0,1.0,2000,20260803
0.003232842292758029,0.9999258707354827,0.9998059157579441,0.9999755531221286,2000,20260803
0.006465684585516058,0.9997660248569724,0.9994547450666762,0.99991176125931,2000,20260803
0.009698526878274086,0.9995417073380741,0.9990023790397303,0.9998130501742604,2000,20260803
0.012931369171032115,0.9992616285519251,0.9984686625619543,0.9996815369488428,2000,20260803
0.016164211463790143,0.9989311559800305,0.9978650675740224,0.9995186262534479,2000,20260803
0.019397053756548172,0.9985540841443494,0.9971993487706475,0.9993253649845464,2000,20260803
0.0226298960493062,0.9981333061378186,0.9964772154443021,0.9991025855237631,2000,20260803
0.02586273834206423,0.9976711376005739,0.9957031072645869,0.9988509780129552,2000,20260803
0.02909558063482226,0.9971694962731394,0.9948806112655,0.9985711318497459,2000,20260803
0.032328422927580286,0.9966300111355428,0.9940127089594812,0.9982635616603728,2000,20260803
0.03556126522033832,0.996054093308093,0.9931019334295043,0.997928724601438,2000,20260803
0.038794107513096344,0.9954429844921343,0.9921504746448757,0.9975670324430082,2000,20260803
0.04202694980585438,0.9947977914030097,0.9911602530761572,0.9971788603264623,2000,20260803
0.0452597920986124,0.9941195110418042,0.9901329729161947,0.9967645533055329,2000,20260803
0.048492634391370436,0.9934090497397357,0.9890701616430451,0.9963244313541284,2000,20260803
0.05172547668412846,0.9926672378316528,0.987973200125555,0.9958587932808441,2000,20260803
0.05495831897688649,0.9918948411775622,0.9868433459933759,0.9953679198434918,2000,20260803
0.05819116126964452,0.9910925703579537,0.9856817520929079,0.9948520762652111,2000,20260803
0.061424003562402546,0.9902610881176024,0.9844894812825261,0.9943115142943061,2000,20260803
0.06465684585516057,0.9894010154672281,0.9832675184505653,0.9937464739103155,2000,20260803
0.06788968814791861,0.988512936740683,0.9820167803921444,0.9931571847517212,2000,20260803
0.07112253044067664,0.9875974038280668,0.9807381240114412,0.9925438673217342,2000,20260803
0.07435537273343466,0.9866549397506126,0.9794323531974742,0.9919067340150625,2000,20260803
0.07758821502619269,0.9856860417039561,0.9781002246369194,0.9912459899987406,2000,20260803
0.08082105731895071,0.9846911836677215,0.9767424527662081,0.9905618339728379,2000,20260803
0.08405389961170875,0.9836708186580775,0.9753597140200271,0.9898544588314363,2000,20260803
0.08728674190446678,0.9826253806839071,0.9739526504996534,0.9891240522401428,2000,20260803
0.0905195841972248,0.9815552864550551,0.9725218731590873,0.9883707971432388,2000,20260803
0.09375242648998283,0.9804609368817233,0.9710679645874627,0.9875948722111136,2000,20260803
0.09698526878274087,0.9793427183967873,0.9695914814511486,0.9867964522366993,2000,20260803
0.1002181110754989,0.978201004127065,0.9680929566471981,0.9859757084881042,2000,20260803
0.10345095336825692,0.977036154935024,0.9665729012105283,0.9851328090234256,2000,20260803
0.10668379566101495,0.9758485203487741,0.9650318060098544,0.9842679189727367,2000,20260803
0.10991663795377297,0.9746384393952701,0.9634701432614997,0.9833812007914605,2000,20260803
0.11314948024653101,0.9734062413492695,0.9618883678854463,0.9824728144886848,2000,20260803
0.11638232253928904,0.9721522464086553,0.960286918724121,0.981542917833446,2000,20260803
0.11961516483204707,0.9708767663051359,0.9586662196412515,0.9805916665415698,2000,20260803
0.12284800712480509,0.9695801048580202,0.9570266805155291,0.9796192144452872,2000,20260803
0.12608084941756312,0.9682625584776703,0.9553686981416538,0.9786257136475432,2000,20260803
0.12931369171032114,0.9669244166243184,0.9536926570495581,0.9776113146626556,2000,20260803
0.13254653400307917,0.9655659622271653,0.9519989302510995,0.9765761665447645,2000,20260803
0.13577937629583722,0.9641874720680328,0.9502878799222614,0.9755204170053338,2000,20260803
0.13901221858859525,0.9627892171332899,0.9485598580278337,0.9744442125208013,2000,20260803
0.14224506088135327,0.9613714629373065,0.9468152068946543,0.9733476984313492,2000,20260803
0.1454779031741113,0.9599344698202885,0.9450542597387147,0.9722310190316452,2000,20260803
0.14871074546686933,0.9584784932230064,0.9432773411507912,0.9710943176543093,2000,20260803
0.15194358775962735,0.9570037839406341,0.9414847675446945,0.9699377367467721,2000,20260803
0.15517643005238538,0.9555105883576585,0.9396768475717472,0.968761417942122,2000,20260803
0.1584092723451434,0.9539991486656023,0.9378538825046884,0.9675655021244686,2000,20260803
0.16164211463790143,0.9524697030651107,0.9360161665938357,0.9663501294892932,2000,20260803
0.16487495693065948,0.9509224859537797,0.9341639873980255,0.9651154395992159,2000,20260803
0.1681077992234175,0.9493577281009664,0.9322976260925773,0.9638615714355521,2000,20260803
0.17134064151617553,0.9477756568106862,0.9304173577562879,0.9625886634460068,2000,20260803
0.17457348380893356,0.9461764960735914,0.9285234516392545,0.9612968535888118,2000,20260803
0.1778063261016916,0.9445604667089271,0.9266161714131366,0.9599862793735844,2000,20260803
0.1810391683944496,0.9429277864972718,0.9246957754053085,0.9586570778991625,2000,20260803
0.18427201068720764,0.941278670304791,0.92276251681821,0.957309385888641,2000,20260803
0.18750485297996566,0.9396133301996644,0.9208166439350726,0.9559433397218216,2000,20260803
0.1907376952727237,0.9379319755612876,0.9188584003130909,0.9545590754652605,2000,20260803
0.19397053756548174,0.9362348131827882,0.9168880249650045,0.9531567289000921,2000,20260803
0.19720337985823977,0.9345220473673554,0.9149057525299714,0.9517364355477805,2000,20260803
0.2004362221509978,0.9327938800188327,0.9129118134345245,0.9502983306939473,2000,20260803
0.20366906444375582,0.9310505107269837,0.9109064340443465,0.9488425494104052,2000,20260803
0.20690190673651385,0.9292921368478126,0.9088898368075196,0.9473692265755204,2000,20260803
0.21013474902927187,0.9275189535792782,0.9068622403898583,0.9458784968930126,2000,20260803
0.2133675913220299,0.9257311540327218,0.9048238598028808,0.944370494909298,2000,20260803
0.21660043361478792,0.9239289293002988,0.9027749065249221,0.9428453550294676,2000,20260803
0.21983327590754595,0.9221124685186781,0.9007155886158601,0.9413032115319885,2000,20260803
0.223066118200304,0.9202819589292588,0.8986461108258776,0.939744198582208,2000,20260803
0.22629896049306203,0.9184375859351277,0.8965666746986576,0.9381684502447368,2000,20260803
0.22953180278582005,0.9165795331549687,0.8944774786693701,0.9365761004947779,2000,20260803
0.23276464507857808,0.9147079824741144,0.8923787181577889,0.9349672832284662,2000,20260803
0.2359974873713361,0.9128231140929226,0.8902705856568431,0.9333421322722781,2000,20260803
0.23923032966409413,0.9109251065726388,0.8881532708168907,0.9317007813915666,2000,20260803
0.24246317195685216,0.9090141368789003,0.8860269605259761,0.9300433642982708,2000,20260803
0.24569601424961018,0.9070903804230241,0.8838918389863174,0.9283700146578521,2000,20260803
0.2489288565423682,0.90515401110121,0.8817480877872496,0.9266808660954959,2000,20260803
0.25216169883512624,0.9032052013317813,0.879595885974832,0.9249760522016267,2000,20260803
0.2553945411278843,0.9012441220905796,0.8774354101183179,0.9232557065367683,2000,20260803
0.2586273834206423,0.8992709429446168,0.8752668343736661,0.9215199626357921,2000,20260803
0.26186022571340034,0.8972858320840872,0.8730903305442632,0.919768954011583,2000,20260803
0.26509306800615834,0.895288956352829,0.8709060681390157,0.9180028141581567,2000,20260803
0.2683259102989164,0.8932804812773247,0.868714214427957,0.9162216765532573,2000,20260803
0.27155875259167445,0.8912605710943189,0.866514934495507,0.9144256746604644,2000,20260803
0.27479159488443244,0.88922938877713,0.8643083912915124,0.9126149419308349,2000,20260803
0.2780244371771905,0.8871870960607284,0.8620947456801866,0.9107896118041034,2000,20260803
0.2812572794699485,0.8851338534656441,0.8598741564870626,0.9089498177094687,2000,20260803
0.28449012176270655,0.8830698203207685,0.8576467805440607,0.9070956930659816,2000,20260803
0.28772296405546455,0.8809951547851094,0.8554127727327739,0.9052273712825614,2000,20260803
0.2909558063482226,0.8789100138685504,0.8531722860260578,0.9033449857576559,2000,20260803
0.2941886486409806,0.8768145534516709,0.8509254715280148,0.9014486698785652,2000,20260803
0.29742149093373865,0.8747089283046718,0.8486724785124532,0.899538557020447,2000,20260803
0.3006543332264967,0.8725932921054542,0.8464134544598968,0.8976147805450194,2000,20260803
0.3038871755192547,0.8704677974568934,0.8441485450932162,0.8956774737989749,2000,20260803
0.30712001781201276,0.8683325959033483,0.8418778944119509,0.8937267701121244,2000,20260803
0.31035286010477076,0.8661878379464459,0.8396016447253846,0.891762802795282,2000,20260803
0.3135857023975288,0.8640336730601754,0.8373199366844327,0.8897857051379032,2000,20260803
0.3168185446902868,0.8618702497053263,0.8350329093124015,0.8877956104054935,2000,20260803
0.32005138698304486,0.8596977153433025,0.8327407000346677,0.8857926518367931,2000,20260803
0.32328422927580286,0.8575162164493437,0.8304434447073334,0.8837769626407548,2000,20260803
0.3265170715685609,0.8553258985251813,0.8281412776449,0.8817486759933221,2000,20260803
0.32974991386131897,0.853126906111157,0.8258343316470076,0.8797079250340192,2000,20260803
0.33298275615407696,0.8509193827978292,0.8235227380242837,0.8776548428623622,2000,20260803
0.336215598446835,0.8487034712370922,0.8212066266233375,0.8755895625341021,2000,20260803
0.339448440739593,0.8464793131528305,0.8188861258509419,0.8735122170573063,2000,20260803
0.34268128303235107,0.8442470493511303,0.8165613626974356,0.8714229393882884,2000,20260803
0.34591412532510907,0.8420068197300693,0.8142324627593831,0.8693218624273945,2000,20260803
0.3491469676178671,0.8397587632891043,0.8118995502615204,0.8672091190146531,2000,20260803
0.3523798099106251,0.8375030181380747,0.8095627480780219,0.8650848419252964,2000,20260803
0.3556126522033832,0.8352397215058406,0.8072221777531122,0.8629491638651592,2000,20260803
0.3588454944961412,0.8329690097485711,0.8048779595210566,0.8608022174659635,2000,20260803
0.3620783367888992,0.8306910183577014,0.8025302123255503,0.8586441352804944,2000,20260803
0.3653111790816573,0.8284058819675693,0.800179053838536,0.8564750497776727,2000,20260803
0.3685440213744153,0.8261137343627507,0.79782460047847,0.8542950933375327,2000,20260803
0.37177686366717333,0.8238147084851055,0.7954669674280626,0.8521043982461068,2000,20260803
0.3750097059599313,0.8215089364405459,0.7931062686515115,0.8499030966902275,2000,20260803
0.3782425482526894,0.8191965495055413,0.7907426169112497,0.8476913207522456,2000,20260803
0.3814753905454474,0.8168776781333724,0.7883761237842275,0.8454692024046778,2000,20260803
0.38470823283820543,0.8145524519601435,0.7860068996777473,0.843236873504779,2000,20260803
0.3879410751309635,0.8122209998105653,0.7836350538448671,0.8409944657890526,2000,20260803
0.3911739174237215,0.8098834497035192,0.7812606943993918,0.8387421108676971,2000,20260803
0.39440675971647954,0.8075399288574112,0.7788839283304673,0.8364799402189974,2000,20260803
0.39763960200923754,0.8051905636953264,0.7765048615167917,0.8342080851836616,2000,20260803
0.4008724443019956,0.8028354798499915,0.7741235987404603,0.8319266769591095,2000,20260803
0.4041052865947536,0.8004748021685564,0.7717402437004565,0.8296358465937159,2000,20260803
0.40733812888751164,0.7981086547171996,0.7693548990258028,0.8273357249810126,2000,20260803
0.41057097118026964,0.7957371607855692,0.7669676662883844,0.8250264428538517,2000,20260803
0.4138038134730277,0.7933604428910632,0.764578646015457,0.8227081307785349,2000,20260803
0.41703665576578575,0.7909786227829592,0.7621879377018523,0.8203809191489108,2000,20260803
0.42026949805854374,0.7885918214463988,0.7597956398218898,0.8180449381804453,2000,20260803
0.4235023403513018,0.7862001591062338,0.7574018498410063,0.8157003179042659,2000,20260803
0.4267351826440598,0.7838037552307402,0.7550066642271156,0.8133471881611837,2000,20260803
0.42996802493681785,0.7814027285352061,0.752610178461704,0.8109856785956971,2000,20260803
0.43320086722957585,0.7789971969854003,0.7502124870506744,0.8086159186499786,2000,20260803
0.4364337095223339,0.7765872778009242,0.7478136835349469,0.8062380375578472,2000,20260803
0.4396665518150919,0.7741730874584563,0.7454138605008224,0.8038521643387299,2000,20260803
0.44289939410784995,0.771754741694891,0.7430131095901215,0.8014584277916155,2000,20260803
0.446132236400608,0.7693323555103786,0.7406115215101027,0.7990569564889995,2000,20260803
0.449365078693366,0.7669060431712694,0.73820918604317,0.7966478787708284,2000,20260803
0.45259792098612406,0.764475918212969,0.7358061920563749,0.7942313227384388,2000,20260803
0.45583076327888206,0.7620420934427051,0.7334026275107224,0.7918074162484992,2000,20260803
0.4590636055716401,0.759604680942215,0.7309985794702849,0.7893762869069533,2000,20260803
0.4622964478643981,0.7571637920703527,0.7285941341111329,0.7869380620629687,2000,20260803
0.46552929015715616,0.7547195374656224,0.7261893767300868,0.7844928688028912,2000,20260803
0.46876213244991416,0.752272027048642,0.7237843917532958,0.7820408339442081,2000,20260803
0.4719949747426722,0.749821370024538,0.7213792627446518,0.779582084029522,2000,20260803
0.47522781703543027,0.747367674885278,0.7189740724140404,0.7771167453205365,2000,20260803
0.47846065932818826,0.7449110494119409,0.7165689026254366,0.7746449437920558,2000,20260803
0.4816935016209463,0.7424516006769302,0.7141638344048491,0.7721668051259999,2000,20260803
0.4849263439137043,0.7399894350461336,0.7117589479481197,0.7696824547054371,2000,20260803
0.48815918620646237,0.737524658181029,0.7093543226285788,0.7671920176086356,2000,20260803
0.49139202849922037,0.7350573750407421,0.7069500370045669,0.7646956186031354,2000,20260803
0.4946248707919784,0.7325876898840582,0.7045461688268203,0.762193382139841,2000,20260803
0.4978577130847364,0.7301157062713887,0.7021427950457308,0.7596854323471398,2000,20260803
0.5010905553774945,0.7276415270666972,0.6997399918184791,0.7571718930250426,2000,20260803
0.5043233976702525,0.7251652544393856,0.6973378345160481,0.7546528876393523,2000,20260803
0.5075562399630106,0.7226869898661434,0.6949363977301193,0.7521285393158593,2000,20260803
0.5107890822557686,0.7202068341327629,0.6925357552798551,0.7495989708345653,2000,20260803
0.5140219245485266,0.7177248873359191,0.6901359802185718,0.7470643046239371,2000,20260803
0.5172547668412846,0.7152412488849225,0.6877371448403049,0.7445246627551931,2000,20260803
0.5204876091340427,0.7127560175034396,0.6853393206862713,0.7419801669366201,2000,20260803
0.5237204514268007,0.7102692912311883,0.6829425785512321,0.7394309385079251,2000,20260803
0.5269532937195587,0.7077811674256069,0.6805469884897547,0.736877098434621,2000,20260803
0.5301861360123167,0.7052917427635004,0.6781526198223844,0.7343187673024489,2000,20260803
0.5334189783050748,0.7028011132426628,0.6757595411417203,0.731756065311836,2000,20260803
0.5366518205978328,0.7003093741834825,0.6733678203184047,0.7291891122723922,2000,20260803
0.5398846628905908,0.6978166202305247,0.6709775245070232,0.7266180275974454,2000,20260803
0.5431175051833489,0.6953229453540988,0.668588720151923,0.7240429302986161,2000,20260803
0.5463503474761069,0.6928284428518088,0.666201472992948,0.7214639389804332,2000,20260803
0.5495831897688649,0.6903332053500892,0.663815848071094,0.7188811718349907,2000,20260803
0.5528160320616229,0.687837324805727,0.6614319097340878,0.7162947466366475,2000,20260803
0.556048874354381,0.6853408925073712,0.6590497216418898,0.7137047807367701,2000,20260803
0.559281716647139,0.6828439990770323,0.6566693467721244,0.7111113910585201,2000,20260803
0.562514558939897,0.6803467344715701,0.654290847425439,0.7085146940916845,2000,20260803
0.5657474012326551,0.6778491879841743,0.651914285230793,0.7059148058875551,2000,20260803
0.5689802435254131,0.6753514482458356,0.649539721150681,0.7033118420538504,2000,20260803
0.5722130858181711,0.6728536032268114,0.6471672154862893,0.7007059177496887,2000,20260803
0.5754459281109291,0.6703557402380845,0.6447968278825889,0.6980971476806046,2000,20260803
0.5786787704036872,0.6678579459328173,0.6424286173333663,0.6954856460936178,2000,20260803
0.5819116126964452,0.6653603063078022,0.6400626421861945,0.6928715267723496,2000,20260803
0.5851444549892032,0.6628629067049079,0.6376989601473438,0.6902549030321881,2000,20260803
0.5883772972819612,0.6603658318125241,0.635337628286637,0.6876358877155052,2000,20260803
0.5916101395747193,0.6578691656670037,0.6329787030422465,0.6850145931869247,2000,20260803
0.5948429818674773,0.6553729916541057,0.6306222402254391,0.6823911313286413,2000,20260803
0.5980758241602353,0.6528773925104358,0.6282682950252664,0.6797656135357905,2000,20260803
0.6013086664529934,0.650382450324889,0.625916922013203,0.6771381507118743,2000,20260803
0.6045415087457514,0.6478882465400934,0.6235681751477363,0.6745088532642372,2000,20260803
0.6077743510385094,0.6453948619538543,0.6212221077789046,0.6718778310995963,2000,20260803
0.6110071933312674,0.6429023767206028,0.6188787726527887,0.6692451936196274,2000,20260803
0.6142400356240255,0.6404108703528455,0.6165382219159558,0.6666110497166027,2000,20260803
0.6174728779167835,0.6379204217226198,0.6142005071198585,0.6639755077690862,2000,20260803
0.6207057202095415,0.6354311090629507,0.611865679225189,0.6613386756376827,2000,20260803
0.6239385625022996,0.6329430099693146,0.6095337886061882,0.6587006606608432,2000,20260803
0.6271714047950576,0.6304562014011066,0.6072048850549147,0.6560615696507276,2000,20260803
0.6304042470878156,0.6279707596831141,0.6048790177854703,0.6534215088891215,2000,20260803
0.6336370893805736,0.6254867605069957,0.6025562354381858,0.6507805841234124,2000,20260803
0.6368699316733317,0.6230042789327677,0.6002365860837668,0.6481389005626216,2000,20260803
0.6401027739660897,0.6205233893902959,0.597920117227401,0.6454965628734947,2000,20260803
0.6433356162588477,0.6180441656807953,0.5956068758128268,0.6428536751766492,2000,20260803
0.6465684585516057,0.6155666809783376,0.5932969082263663,0.640210341042781,2000,20260803
0.6498013008443638,0.6130910078313657,0.5909902603009206,0.6375666634889283,2000,20260803
0.6530341431371218,0.6106172181642175,0.5886869773199304,0.6349227449747963,2000,20260803
0.6562669854298798,0.6081453832786572,0.5863871040213018,0.6322786873991383,2000,20260803
0.6594998277226379,0.6056755738554156,0.5840906846012978,0.6296345920961972,2000,20260803
0.6627326700153959,0.6032078599557404,0.5817977627183976,0.6269905598322083,2000,20260803
0.6659655123081539,0.6007423110229537,0.5795083814971219,0.6243466908019577,2000,20260803
0.6691983546009119,0.5982789958840223,0.5772225835318275,0.6217030846254045,2000,20260803
0.67243119689367,0.595817982751134,0.5749404108904705,0.6190598403443602,2000,20260803
0.675664039186428,0.5933593392232872,0.5726619051183386,0.6164170564192311,2000,20260803
0.678896881479186,0.590903132287889,0.5703871072417536,0.6137748307258173,2000,20260803
0.6821297237719441,0.5884494283223635,0.5681160577717447,0.6111332605521762,2000,20260803
0.6853625660647021,0.5859982930957719,0.5658487967076934,0.6084924425955438,2000,20260803
0.6885954083574601,0.5835497917704429,0.5635853635409495,0.6058524729593183,2000,20260803
0.6918282506502181,0.5811039889036125,0.5613257972584191,0.6032134471501036,2000,20260803
0.6950610929429762,0.5786609484490782,0.5590701363461275,0.6005754600748139,2000,20260803
0.6982939352357342,0.5762207337588607,0.5568184187927534,0.5979386060378409,2000,20260803
0.7015267775284922,0.5737834075848791,0.5545706820931372,0.5953029787382792,2000,20260803
0.7047596198212502,0.5713490320806369,0.5523269632517656,0.5926686712672159,2000,20260803
0.7079924621140083,0.5689176688029203,0.5500872987862283,0.5900357761050788,2000,20260803
0.7112253044067663,0.5664893787135059,0.5478517247306525,0.5874043851190487,2000,20260803
0.7144581466995243,0.5640642221808833,0.5456202766391113,0.5847745895605295,2000,20260803
0.7176909889922825,0.5616422589819862,0.5433929895890088,0.5821464800626831,2000,20260803
0.7209238312850405,0.5592235483039382,0.5411698981844433,0.5795201466380235,2000,20260803
0.7241566735777984,0.5568081487458081,0.5389510365595442,0.5768956786760727,2000,20260803
0.7273895158705564,0.5543961183203789,0.5367364383817902,0.5742731649410778,2000,20260803
0.7306223581633146,0.5519875144559274,0.5345261368553015,0.5716526935697902,2000,20260803
0.7338552004560726,0.5495823939980172,0.5323201647241135,0.569034352069305,2000,20260803
0.7370880427488306,0.5471808132113022,0.5301185542754264,0.5664182273149619,2000,20260803
0.7403208850415887,0.5447828277813433,0.5279213373428345,0.5638044055483081,2000,20260803
0.7435537273343467,0.5423884928164366,0.5257285453095362,0.5611929723751209,2000,20260803
0.7467865696271047,0.5399978628494542,0.5235402091115199,0.5585840127634921,2000,20260803
0.7500194119198627,0.5376109918396955,0.5213563592407336,0.5559776110419737,2000,20260803
0.7532522542126208,0.5352279331747529,0.5191770257482322,0.5533738508977838,2000,20260803
0.7564850965053788,0.5328487396723876,0.5170022382473062,0.5507728153750736,2000,20260803
0.7597179387981368,0.5304734635824182,0.5148320259165903,0.548174586873255,2000,20260803
0.7629507810908948,0.528102156588621,0.5126664175031538,0.5455792471453884,2000,20260803
0.7661836233836529,0.5257348698106424,0.5105054413255719,0.5429868772966314,2000,20260803
0.7694164656764109,0.5233716538059233,0.5083491252769787,0.5403975577827484,2000,20260803
0.7726493079691689,0.5210125585716348,0.5061974968281017,0.537811368408678,2000,20260803
0.775882150261927,0.5186576335466262,0.504050583030278,0.5352283883271634,2000,20260803
0.779114992554685,0.516306927613385,0.5019084105184541,0.5326486960374404,2000,20260803
0.782347834847443,0.5139604891000075,0.4997710055141666,0.5300723693839864,2000,20260803
0.785580677140201,0.511618365782182,0.49763839382850655,0.5274994855553281,2000,20260803
0.7888135194329591,0.5092806048851832,0.49551060086506654,0.5249301210829089,2000,20260803
0.7920463617257171,0.5069472530858784,0.4933876516228714,0.5223643518400156,2000,20260803
0.7952792040184751,0.5046183565147442,0.4912695706992913,0.5198022530407636,2000,20260803
0.7985120463112332,0.5022939607578953,0.48915638229293873,0.5172438992391408,2000,20260803
0.8017448886039912,0.49997411085912496,0.48704811020655076,0.5146893643281112,2000,20260803
0.8049777308967492,0.4976588513219549,0.48494477784985274,0.5121387215387756,2000,20260803
0.8082105731895072,0.49534822611169804,0.48284640824240804,0.50959204343959,2000,20260803
0.8114434154822653,0.4930422786575313,0.4807530240164515,0.5070494019356435,2000,20260803
0.8146762577750233,0.4907410518545794,0.4786646474197075,0.5045108682679932,2000,20260803
0.8179091000677813,0.4884445880660093,0.47658130031819246,0.5019765130130552,2000,20260803
0.8211419423605393,0.48615292912513586,0.4745030041990025,0.4994464060820548,2000,20260803
0.8243747846532974,0.48386611633753684,0.4724297801730861,0.4969206167205322,2000,20260803
0.8276076269460554,0.4815841904831797,0.4703616489780019,0.4943992135079054,2000,20260803
0.8308404692388134,0.47930719181855796,0.46829863098066143,0.49188226435708926,2000,20260803
0.8340733115315715,0.4770351600788376,0.466240746180058,0.48936983651417043,2000,20260803
0.8373061538243295,0.47476813448001437,0.4641880142099808,0.4868619965581392,2000,20260803
