DeltaTmax_K,H_median,H_lower_95,H_upper_95,n_successful_bootstrap,seed
0.0,1.0,1.0,1.0,2000,20260802
0.7885304659498208,0.9999660292259658,0.9998415782850565,0.9999936259735445,2000,20260802
1.5770609318996416,0.9998704661495301,0.9995160852262505,0.9999693109455104,2000,20260802
2.3655913978494625,0.9997167268889547,0.9990701935999098,0.999922827147761,2000,20260802
3.154121863799283,0.999506199127896,0.9985125562157241,0.999851532307998,2000,20260802
3.942652329749104,0.9992401477969364,0.997884643286174,0.9997533733447836,2000,20260802
4.731182795698925,0.9989197261792084,0.9971639088979726,0.9996268610918103,2000,20260802
5.519713261648746,0.9985477278326763,0.996365735461769,0.9994714104328827,2000,20260802
6.308243727598566,0.998121930407627,0.9955038516259678,0.9992852988762324,2000,20260802
7.096774193548387,0.9976451011731617,0.9945588639935005,0.9990674584321898,2000,20260802
7.885304659498208,0.9971158537720937,0.9935403230975646,0.9988169216454222,2000,20260802
8.67383512544803,0.9965336574203991,0.9924443386304517,0.9985317538889567,2000,20260802
9.46236559139785,0.9958990469596827,0.9912832190358862,0.9982109343633033,2000,20260802
10.25089605734767,0.9952145959825377,0.9900925696795982,0.9978543125435657,2000,20260802
11.039426523297491,0.9944881219174768,0.9888871922787086,0.9974611330424222,2000,20260802
11.827956989247312,0.9937092535340637,0.9876343747058899,0.9970306889628889,2000,20260802
12.616487455197133,0.9928794574913604,0.9863047333250051,0.9965623168614716,2000,20260802
13.405017921146953,0.9920041527402899,0.9849118155067674,0.996055392637526,2000,20260802
14.193548387096774,0.9910743443370713,0.9834751398395919,0.9955093281354209,2000,20260802
14.982078853046595,0.9900960084566051,0.9819780756219244,0.9949235683046121,2000,20260802
15.770609318996415,0.989077852140092,0.9804412896931723,0.994297588802868,2000,20260802
16.559139784946236,0.9880054411424184,0.9788580762086023,0.9936308939560713,2000,20260802
17.34767025089606,0.9868897206055098,0.9772329716856357,0.9929230150082347,2000,20260802
18.136200716845877,0.9857244240283891,0.9755721913350954,0.9921735086101278,2000,20260802
18.9247311827957,0.9845073728162295,0.9738508954915178,0.9913823429625944,2000,20260802
19.71326164874552,0.9832521744693109,0.9720782129885116,0.9905521464368539,2000,20260802
20.50179211469534,0.9819468010725352,0.9702346097869496,0.9896796660512948,2000,20260802
21.29032258064516,0.9805869338503785,0.9684226262205584,0.988764568977451,2000,20260802
22.078853046594983,0.9791958284606089,0.9665047287691111,0.9878065419545191,2000,20260802
22.8673835125448,0.9777496942313249,0.9645207983322165,0.9868052906026298,2000,20260802
23.655913978494624,0.9762518974433918,0.9624884004998111,0.9857613356812763,2000,20260802
24.444444444444443,0.9747247824003737,0.9604156275377845,0.9846791780839816,2000,20260802
25.232974910394265,0.9731629035931371,0.9583037225215526,0.983553727655377,2000,20260802
26.021505376344088,0.971560553696921,0.9561994154149754,0.9823847805369572,2000,20260802
26.810035842293907,0.9698844342832951,0.9541062906380695,0.9811721485069202,2000,20260802
27.59856630824373,0.9681632011434684,0.9519170104091271,0.9799156586190902,2000,20260802
28.387096774193548,0.9664291856211471,0.9496823931534223,0.9786151528729388,2000,20260802
29.17562724014337,0.9646381903907641,0.9473947767094586,0.9772704879110161,2000,20260802
29.96415770609319,0.9628322771464966,0.9450328648040914,0.9758815347405915,2000,20260802
30.752688172043012,0.9609764713713167,0.9426527162333412,0.9744481784767053,2000,20260802
31.54121863799283,0.9590494426669954,0.9402371565115976,0.9729703181041903,2000,20260802
32.32974910394265,0.9570749376331531,0.9378651819491253,0.9714478662565069,2000,20260802
33.11827956989247,0.9550583587447116,0.9354343015115382,0.9698807490094984,2000,20260802
33.90681003584229,0.9530225706642502,0.9329207151721551,0.9682586014402343,2000,20260802
34.69534050179212,0.9509241486389236,0.930421349947857,0.9665832001689086,2000,20260802
35.483870967741936,0.9488093519587324,0.9279899757595236,0.9648612989769435,2000,20260802
36.272401433691755,0.9466680347792403,0.9254201953241801,0.9630926532506868,2000,20260802
37.060931899641574,0.9445047051968889,0.922826245076268,0.9612776470547368,2000,20260802
37.8494623655914,0.9422644749530644,0.920424445941088,0.9594220408078118,2000,20260802
38.63799283154122,0.9400627634422904,0.9180621598528068,0.9575183233917256,2000,20260802
39.42652329749104,0.9377406157059455,0.915587075453514,0.9555559029147127,2000,20260802
40.215053763440864,0.9353870441300753,0.9129878031986742,0.9535564063404554,2000,20260802
41.00358422939068,0.9329995671630649,0.9102914946076757,0.9515155583598527,2000,20260802
41.7921146953405,0.9305820938249882,0.9075619174727797,0.949442580874273,2000,20260802
42.58064516129032,0.9281281843553235,0.9048051074028144,0.9473246212315649,2000,20260802
43.369175627240146,0.9256801074057981,0.9020162226771732,0.9451617651409678,2000,20260802
44.157706093189965,0.9231350732396295,0.8992378730448869,0.9429429395308213,2000,20260802
44.946236559139784,0.9205547661639668,0.8964907571760119,0.9406621902402736,2000,20260802
45.7347670250896,0.9179589749482169,0.8935936391820916,0.9383352603585743,2000,20260802
46.52329749103943,0.9153061899128021,0.8906719548739817,0.9359620194815287,2000,20260802
47.31182795698925,0.9126536480955553,0.8877261921023177,0.9335420079816502,2000,20260802
48.10035842293907,0.9099665694529036,0.8847946472862379,0.9310761445385519,2000,20260802
48.888888888888886,0.9072535214313884,0.8818439648456154,0.9285645820743031,2000,20260802
49.67741935483871,0.9044677916843142,0.8787986379591713,0.9260475265342663,2000,20260802
50.46594982078853,0.9016832004731634,0.8758725583924419,0.9234540924234943,2000,20260802
51.25448028673835,0.8988520863608145,0.8728654234257999,0.920796927431062,2000,20260802
52.043010752688176,0.8960434685398603,0.8698319931789998,0.9181222551115571,2000,20260802
52.831541218637994,0.8931482368287751,0.8667402451847991,0.9154118088388667,2000,20260802
53.62007168458781,0.8902030093407804,0.8636830285153528,0.912712192068547,2000,20260802
54.40860215053763,0.8872940662012523,0.8605000067210761,0.9100090889271892,2000,20260802
55.19713261648746,0.8843671898138723,0.8574179111137817,0.90724435074315,2000,20260802
55.98566308243728,0.8813972473134236,0.8542177922268085,0.9043904637876575,2000,20260802
56.774193548387096,0.8783929399143108,0.8509984038945604,0.9014957987239922,2000,20260802
57.562724014336915,0.875345055673264,0.8478698422490665,0.8985582073353336,2000,20260802
58.35125448028674,0.8722336674462856,0.8448050950577268,0.8956358018142374,2000,20260802
59.13978494623656,0.8690741653678131,0.8416390862183774,0.8926915666376108,2000,20260802
59.92831541218638,0.8658725747593186,0.8383844822731633,0.8896668311880667,2000,20260802
60.7168458781362,0.8627218195686944,0.8351134717629008,0.8865642731536653,2000,20260802
61.505376344086024,0.8596528437958253,0.8318264666924634,0.88342192326855,2000,20260802
62.29390681003584,0.856435700198802,0.8284509954160538,0.8802387340879776,2000,20260802
63.08243727598566,0.8531616546750238,0.8251017590833415,0.8770141778862981,2000,20260802
63.87096774193549,0.8499133823294085,0.8218438010900936,0.8737507334210242,2000,20260802
64.6594982078853,0.8466014491948497,0.818467608207043,0.8704487631816054,2000,20260802
65.44802867383513,0.8432764088080843,0.815028744016657,0.8671086382840327,2000,20260802
66.23655913978494,0.839885232281082,0.8116393471576837,0.8637307383406928,2000,20260802
67.02508960573476,0.8364741835315467,0.8082395099393977,0.8602618493563641,2000,20260802
67.81362007168458,0.8330431108165881,0.8048189735025705,0.8567885287727537,2000,20260802
68.60215053763442,0.8296706909222884,0.8014040440741277,0.8533114550868593,2000,20260802
69.39068100358423,0.8262598743999415,0.797963678332543,0.8498325065952979,2000,20260802
70.17921146953405,0.8227956368115114,0.7945143395424152,0.8463718784886887,2000,20260802
70.96774193548387,0.8193240647543478,0.791060054236577,0.8428767680270455,2000,20260802
71.75627240143369,0.8158159730817955,0.7875874744737967,0.8391721824328987,2000,20260802
72.54480286738351,0.8122741111982977,0.7840237286804591,0.8355536594521948,2000,20260802
73.33333333333333,0.8087741717294595,0.7804923978329329,0.8318902489029273,2000,20260802
74.12186379928315,0.8052719053971652,0.7769504555049082,0.8282593546992985,2000,20260802
74.91039426523298,0.801660148308995,0.7733723858177612,0.8245969413015012,2000,20260802
75.6989247311828,0.7979431598874684,0.7697069350505696,0.8210128311796783,2000,20260802
76.48745519713262,0.7943376162070326,0.7662753212797122,0.8171856679075002,2000,20260802
77.27598566308244,0.7907030335361772,0.7629120847279836,0.8134528296199153,2000,20260802
78.06451612903226,0.7870424086193162,0.7594505239885079,0.8097533769760565,2000,20260802
78.85304659498208,0.7833404626135958,0.7557631528599914,0.8058485033197724,2000,20260802
79.6415770609319,0.7796147122385715,0.7521593765697077,0.802005224603034,2000,20260802
80.43010752688173,0.7758820495211646,0.7484776775853084,0.7981436486865897,2000,20260802
81.21863799283155,0.7721744323256912,0.7447919144723528,0.7942224088337555,2000,20260802
82.00716845878136,0.7683720295372671,0.7412223601578655,0.7901996537715994,2000,20260802
82.79569892473118,0.7646914205929989,0.7377166197580105,0.7863072161099037,2000,20260802
83.584229390681,0.7610018963349374,0.7340428669105,0.7824092782544749,2000,20260802
84.37275985663082,0.7571840267956171,0.7303024742052879,0.7784382964544746,2000,20260802
85.16129032258064,0.7534935877576581,0.7265377442268566,0.7744621119718128,2000,20260802
85.94982078853046,0.749684023538048,0.7228719499802341,0.7703817278665902,2000,20260802
86.73835125448029,0.7457402088533234,0.7192982311236927,0.7665839698187947,2000,20260802
87.52688172043011,0.7419410530108623,0.7156587874032958,0.7626336688094905,2000,20260802
88.31541218637993,0.7381682274724685,0.7120096603501028,0.758471522479852,2000,20260802
89.10394265232975,0.7343455495132702,0.7082729080141285,0.754443098362477,2000,20260802
89.89247311827957,0.7304268876975801,0.704637449860053,0.7502745611378545,2000,20260802
90.68100358422939,0.7264846364223505,0.7008156108950087,0.7463618243571103,2000,20260802
91.4695340501792,0.7225552205679528,0.6971302645320635,0.7424570928667436,2000,20260802
92.25806451612904,0.7185851613997916,0.6934434873842111,0.7384298353216119,2000,20260802
93.04659498207886,0.7145931114648479,0.6896609269481091,0.734431155320186,2000,20260802
93.83512544802868,0.7106549631709476,0.6859369974313962,0.7305386891745999,2000,20260802
94.6236559139785,0.7065987994761582,0.6823436880518338,0.726618701191379,2000,20260802
95.41218637992831,0.7027376707862985,0.6786821925692385,0.722706340739544,2000,20260802
96.20071684587813,0.6986930846490382,0.6749870380725278,0.7189334868053435,2000,20260802
96.98924731182795,0.694672982009805,0.6711094527664163,0.714916247220302,2000,20260802
97.77777777777777,0.6905848288600147,0.6671797483438253,0.7110222860977857,2000,20260802
98.5663082437276,0.6865548326662727,0.6633824157546379,0.707165725814102,2000,20260802
99.35483870967742,0.682456254793516,0.659594617411223,0.7032990238268507,2000,20260802
100.14336917562724,0.6783120110895834,0.6557953176033497,0.699463950215764,2000,20260802
100.93189964157706,0.6743119999536165,0.6517692234253086,0.695824958210541,2000,20260802
101.72043010752688,0.6701820256591073,0.6479508182784983,0.692106347337216,2000,20260802
102.5089605734767,0.666163568084754,0.6438368056193443,0.6881105136022367,2000,20260802
103.29749103942652,0.6619619396704386,0.640175453470372,0.684279389229153,2000,20260802
104.08602150537635,0.6577477319484548,0.6366120727074651,0.6806398969920977,2000,20260802
104.87455197132617,0.6535820189033499,0.6327348930295884,0.676437705293754,2000,20260802
105.66308243727599,0.6494921590850016,0.6289581794408742,0.6729185678459988,2000,20260802
106.45161290322581,0.6453708686188913,0.6249241178078312,0.6690939917332863,2000,20260802
107.24014336917563,0.6411352103003652,0.6210378452737592,0.6655656062571852,2000,20260802
108.02867383512545,0.6369984838188522,0.6170112685482799,0.6617508188244619,2000,20260802
108.81720430107526,0.632857894170936,0.6131816122076308,0.6580210326536872,2000,20260802
109.60573476702508,0.6285893218820003,0.609388596743406,0.6541200013542768,2000,20260802
110.39426523297492,0.6243499551786778,0.605516205845009,0.6502930044996571,2000,20260802
111.18279569892474,0.6202322561777562,0.6015956961959577,0.6464635177374566,2000,20260802
111.97132616487455,0.6161249794969549,0.5973034385098814,0.643103267288789,2000,20260802
112.75985663082437,0.6118429884645555,0.5933288860651523,0.6392996967074297,2000,20260802
113.54838709677419,0.6076718535540917,0.5896295362410701,0.635777316629298,2000,20260802
114.33691756272401,0.6034243501669384,0.5856330712351745,0.6321426581550558,2000,20260802
115.12544802867383,0.5992878735345324,0.58157060938988,0.6287625756574708,2000,20260802
115.91397849462366,0.5951174169899445,0.5778737816181326,0.6252821839466127,2000,20260802
116.70250896057348,0.590878726712148,0.574015999723226,0.621945645953919,2000,20260802
117.4910394265233,0.5867205247200464,0.569951224041405,0.6187751368754522,2000,20260802
118.27956989247312,0.5826166154398642,0.5655950105740369,0.6156083160359492,2000,20260802
119.06810035842294,0.5784963903034954,0.5615055386797076,0.6123349695564,2000,20260802
119.85663082437276,0.5743804913350306,0.5575806153574266,0.6085239563560677,2000,20260802
120.64516129032258,0.5703253069726002,0.5532761737338019,0.6051907561236027,2000,20260802
121.4336917562724,0.5662041210649473,0.5491091029811385,0.6018611514266776,2000,20260802
122.22222222222223,0.5619897959415499,0.5448149487588076,0.598667649801569,2000,20260802
123.01075268817205,0.5580198185447593,0.5404743963378059,0.595488022054761,2000,20260802
123.79928315412187,0.5539550022641403,0.5361278899557166,0.5923130102041299,2000,20260802
124.58781362007169,0.5498950794837167,0.5317804589999717,0.5891624072014339,2000,20260802
125.3763440860215,0.5458826966839962,0.5272949585103108,0.5860512095106468,2000,20260802
126.16487455197132,0.5418876633633034,0.5230031506906586,0.5829451931012604,2000,20260802
126.95340501792114,0.537968322913948,0.51886396858998,0.5798444795956521,2000,20260802
127.74193548387098,0.5339646792049018,0.5145671234460293,0.57674918893238,2000,20260802
128.53046594982078,0.5299358339263209,0.5101859998304397,0.5736564389921668,2000,20260802
129.3189964157706,0.5260176205470879,0.5056357877565046,0.5705677735055343,2000,20260802
130.10752688172042,0.5220378929879521,0.5011496525435085,0.5674848683352925,2000,20260802
130.89605734767025,0.5180385891635303,0.4969617866061255,0.5642592412559891,2000,20260802
131.68458781362008,0.5140183028675009,0.4924163094868802,0.5609418996662279,2000,20260802
132.4731182795699,0.5099749199299681,0.48782971506891665,0.5577214351684078,2000,20260802
133.26164874551972,0.506034052801158,0.4833688088042205,0.5546139011687957,2000,20260802
134.05017921146953,0.5020802340958694,0.47884410820787177,0.5515078919281472,2000,20260802
134.83870967741936,0.4981139539647465,0.4742766367546163,0.5484078898415639,2000,20260802
135.62724014336916,0.49416187660070815,0.46967458246833127,0.545314374399283,2000,20260802
136.415770609319,0.4902343026479378,0.46511792578502226,0.542227457652277,2000,20260802
137.20430107526883,0.48631319854195754,0.4607766744431349,0.5389919072149945,2000,20260802
137.99283154121864,0.4824802215007887,0.45617157218041554,0.5355912361151857,2000,20260802
138.78136200716847,0.4786451065836401,0.4517225321312228,0.5325550854769897,2000,20260802
139.56989247311827,0.47472251614509003,0.4473295867343323,0.5294289618406737,2000,20260802
140.3584229390681,0.4708727343105226,0.4427261604245159,0.5262355148517973,2000,20260802
141.1469534050179,0.46689000411431447,0.43839064572512787,0.5230492054458747,2000,20260802
141.93548387096774,0.46303412819754575,0.43390491359517697,0.5198701592524908,2000,20260802
142.72401433691758,0.4592873160480436,0.42928428489503845,0.5166985000852066,2000,20260802
143.51254480286738,0.45557320450489286,0.42464415676893535,0.5135343499488272,2000,20260802
144.30107526881721,0.45176564208963543,0.42015610710388396,0.5103778290467614,2000,20260802
145.08960573476702,0.4479645203604617,0.41574660894787374,0.5072290557884777,2000,20260802
145.87813620071685,0.4443070374811665,0.411354535460252,0.5040881467970496,2000,20260802
146.66666666666666,0.4405770016374598,0.40698028145947085,0.5009504946435135,2000,20260802
147.4551971326165,0.43689099794642094,0.40260270763799055,0.4978189359992359,2000,20260802
148.2437275985663,0.43318262002661745,0.39820669175986867,0.49469558100403255,2000,20260802
149.03225806451613,0.4295177212099528,0.3938981075148154,0.491580540358302,2000,20260802
149.82078853046596,0.4258503449801385,0.38964336531350724,0.48847392300357045,2000,20260802
150.60931899641577,0.4221087702238984,0.3853642394535278,0.48537583613047136,2000,20260802
151.3978494623656,0.41842309586088344,0.38107577070668736,0.4822863851868159,2000,20260802
152.1863799283154,0.41474995351336946,0.37686914586826614,0.4792056738857528,2000,20260802
152.97491039426524,0.4112161734256975,0.3726728990001777,0.47613380421401474,2000,20260802
153.76344086021504,0.4076030367555218,0.3684756674311436,0.4730708764402515,2000,20260802
154.55197132616487,0.4040713517996867,0.36425258617196843,0.47001698912344775,2000,20260802
155.3405017921147,0.40050502733836835,0.36004694492220096,0.4669722391214259,2000,20260802
156.1290322580645,0.3969550991174044,0.35598757070569725,0.4639367215994296,2000,20260802
156.91756272401435,0.3934095183253676,0.3518761994780122,0.4609541110840674,2000,20260802
157.70609318996415,0.3898870508719888,0.3476741699770233,0.4580685170661241,2000,20260802
158.49462365591398,0.3863924631616036,0.34348044000139594,0.45510142991403263,2000,20260802
159.2831541218638,0.3829340528992211,0.33937330463484044,0.452023550153014,2000,20260802
160.07168458781362,0.37940296546292424,0.3353065315923874,0.4493143090874362,2000,20260802
160.86021505376345,0.3758889089044162,0.3312642172890797,0.4462212071488207,2000,20260802
161.64874551971326,0.3725004585436269,0.3271712439110528,0.44313115966526134,2000,20260802
162.4372759856631,0.3690160558820471,0.32317558188465634,0.4404046525485994,2000,20260802
163.2258064516129,0.36556456296397555,0.31927042194672733,0.43768766673199366,2000,20260802
164.01433691756273,0.3621300187481955,0.31534173828679374,0.4349802488799195,2000,20260802
164.80286738351253,0.35873445832497564,0.3114243241497728,0.4322824444962056,2000,20260802
165.59139784946237,0.3553587675594289,0.30753591431060046,0.42950088157144745,2000,20260802
166.3799283154122,0.35199135233134843,0.3036734272654112,0.42645908851679487,2000,20260802
167.168458781362,0.3487090485681713,0.2998381603608697,0.4237309685579311,2000,20260802
167.95698924731184,0.34541393588753455,0.29602919450884113,0.42101043019842443,2000,20260802
168.74551971326164,0.34212554773564197,0.29224673657005973,0.41829985077235526,2000,20260802
169.53405017921148,0.33876198165864363,0.2885870579556974,0.41559933506654334,2000,20260802
170.32258064516128,0.335470160867863,0.28497108078627714,0.41290892788898886,2000,20260802
171.11111111111111,0.33220448311233275,0.28138257975635744,0.410228419292718,2000,20260802
171.89964157706092,0.32891639744492696,0.2778204522695125,0.4075533853293555,2000,20260802
172.68817204301075,0.3256896130475191,0.274284543469913,0.4047794493292022,2000,20260802
173.47670250896059,0.32246626592624517,0.27077498833218405,0.40190500703784565,2000,20260802
174.2652329749104,0.31927083608464624,0.2672919153305628,0.3990416175330331,2000,20260802
175.05376344086022,0.3161153345184605,0.26383544647493673,0.3962782666212026,2000,20260802
175.84229390681003,0.3130334010982545,0.2602953601384683,0.39368539294249283,2000,20260802
176.63082437275986,0.3099062815588728,0.2567273005874528,0.3911028861556601,2000,20260802
177.41935483870967,0.30673217310313033,0.25318811916650147,0.38853077763948257,2000,20260802
178.2078853046595,0.30356806022626437,0.2496779492644814,0.38596909771548543,2000,20260802
178.99641577060933,0.30054280927018867,0.24627692692829845,0.38341787565780083,2000,20260802
179.78494623655914,0.29747865300343435,0.24294142493906687,0.3808769359044713,2000,20260802
180.57347670250897,0.2944090559752962,0.23963380891145927,0.3783458928151371,2000,20260802
181.36200716845877,0.2913820645434202,0.23635415805987814,0.37582306968823287,2000,20260802
182.1505376344086,0.2883608258903904,0.23310254518190024,0.3733105524292477,2000,20260802
182.9390681003584,0.28540410089305357,0.22987903671120702,0.37080863834837086,2000,20260802
183.72759856630825,0.2824234021204928,0.22664094693045905,0.36819130420955026,2000,20260802
184.51612903225808,0.27946351814003567,0.22334762934031913,0.36576421609815224,2000,20260802
185.30465949820788,0.2765099741660444,0.220085251808128,0.3633786469090045,2000,20260802
186.09318996415772,0.27358529641831353,0.21685558966196725,0.3609251350199464,2000,20260802
186.88172043010752,0.2706939562279441,0.21365602608073112,0.35847908650593546,2000,20260802
187.67025089605735,0.26781016174170247,0.21048661039387007,0.35603212300067827,2000,20260802
188.45878136200716,0.2649309197369767,0.20734738492347385,0.3533971046578536,2000,20260802
189.247311827957,0.26204043958581413,0.20432076243305666,0.3509087384293245,2000,20260802
190.03584229390682,0.25916224787355924,0.20138155512246908,0.3485734609704377,2000,20260802
190.82437275985663,0.25636947402865995,0.1984704616681876,0.3461847267185411,2000,20260802
191.61290322580646,0.25354553129671137,0.19558747766067175,0.3437532396453794,2000,20260802
192.40143369175627,0.250810101405478,0.19265657213446036,0.3413328234733847,2000,20260802
193.1899641577061,0.2481127145920553,0.1897279143060744,0.3389224899411491,2000,20260802
193.9784946236559,0.24538016810590846,0.1868289761656712,0.33652256813801046,2000,20260802
194.76702508960574,0.24266036066403826,0.18395974370722476,0.33413377304578656,2000,20260802
195.55555555555554,0.23998117293656934,0.1811203884106395,0.3317561185568195,2000,20260802
196.34408602150538,0.2373621122557689,0.1783128127459005,0.3293896176298128,2000,20260802
197.1326164874552,0.2347021653950799,0.17553482507405446,0.3270342822994087,2000,20260802
197.921146953405,0.2320635457392392,0.17278642149904785,0.32469012368573735,2000,20260802
198.70967741935485,0.2294636173130159,0.17006784617901224,0.32235688491720066,2000,20260802
199.49820788530465,0.22691567125810075,0.16737872219651034,0.3200294520474099,2000,20260802
200.28673835125448,0.22431740900597724,0.1647189949463307,0.31771239564756204,2000,20260802
201.0752688172043,0.22177448247109188,0.1620886044137213,0.3154065898163937,2000,20260802
201.86379928315412,0.2192607257299687,0.15948748526214968,0.313070782546712,2000,20260802
202.65232974910396,0.21674533333630092,0.15691556692191655,0.31059301970089787,2000,20260802
203.44086021505376,0.21428440632271373,0.15437277367957078,0.30812772129620464,2000,20260802
204.2293906810036,0.21191123846709556,0.15189028910358912,0.30567490925861385,2000,20260802
205.0179211469534,0.20951942908849758,0.1494658614701269,0.3032346042757374,2000,20260802
205.80645161290323,0.20708718522356295,0.1470697918698416,0.30080588960868754,2000,20260802
206.59498207885304,0.20468996002999995,0.1447018904824583,0.2986410525943765,2000,20260802
207.38351254480287,0.20232376397382368,0.14236146090205762,0.2964871523272669,2000,20260802
208.1720430107527,0.19997679856339995,0.1400483980109467,0.2943441848677143,2000,20260802
208.9605734767025,0.19765936362273823,0.13776259272673982,0.2919608161834123,2000,20260802
209.74910394265234,0.1953347181629352,0.13550393208793854,0.28981189778053656,2000,20260802
210.53763440860214,0.192989441880501,0.1332722993396875,0.28766897841116795,2000,20260802
211.32616487455198,0.1907030900519182,0.13106757401966573,0.2854706469847706,2000,20260802
212.11469534050178,0.18843348452452474,0.12888569904079247,0.28318100109977995,2000,20260802
212.90322580645162,0.18615842178040765,0.12668976917771038,0.28090366349252077,2000,20260802
213.69175627240142,0.18388261441594467,0.12452131510533207,0.2786386392889067,2000,20260802
214.48028673835125,0.1816447952242469,0.12238020061915762,0.27638593259897004,2000,20260802
215.2688172043011,0.17945885124296118,0.12026628585543901,0.274145546527539,2000,20260802
216.0573476702509,0.1772582713364469,0.11817942738454534,0.27191748318491205,2000,20260802
216.84587813620072,0.17507981042930343,0.11611947830430543,0.2697017436975267,2000,20260802
217.63440860215053,0.17297324127641994,0.11410831761760933,0.2674983282186236,2000,20260802
218.42293906810036,0.170861790520135,0.11213126448054393,0.26530723593890215,2000,20260802
219.21146953405017,0.1687410051026153,0.11017998307441251,0.2631284650971686,2000,20260802
220.0,0.16667803397078992,0.10825431622406882,0.26096201299097344,2000,20260802
